object_id,facility_n,categories,owner,county,sub_county,division,location,sub_location,constituency,nearest_to,Code,Name,Registration_number,Keph level,Facility type,Owner,Regulatory body,Beds,Cots,Ward,Operation status,Open_whole_day,Open_public_holidays,Open_weekends,Open_late_night,Service_names,Approved,Public visible,Closed,latitude,longitude,date launched
59,Adiedo Dispensary,Dispensary,Ministry of Health,Homa Bay,Rachuonyo North,East Karachuonyo,West Kanyaluo,Komwoyo,KARACHUONYO,Adiedo Market,13463,Adiedo Dispensary,None,Level 2,Dispensaries and clinic-out patient only,Ministry of Health,Ministry of Health,4,2,KANYALUO,Operational,No,No,No,No,,Yes,Yes,No,-0.42727,34.60247,9/8/1980
94,Afya Health System Hospital,Sub-District Hospital,Private Practice - General Practitioner,Homa Bay,Homa Bay,Asego,Town,Township,RANGWE,Homa Bay Town,20380,Afya Health System Hospital,None,Level 3,Primary care hospitals,Private Practice - General Practitioner,Ministry of Health,30,6,HOMA BAY CENTRAL,Operational,No,No,No,No,,Yes,Yes,No,-0.53,34.46,9/9/1980
149,Agawo Dispensary,Dispensary,Ministry of Health,Homa Bay,Rachuonyo South,Kasipul,East Kamagak,Kachieng,KASIPUL/KABONDO,Sikri,13466,Agawo Dispensary,None,Level 2,Dispensaries and clinic-out patient only,Ministry of Health,Ministry of Health,0,0,EAST KAMAGAK,Operational,No,No,No,No,,Yes,Yes,No,-0.46748,34.7874,9/10/1980
194,Akado Dispensary,Dispensary,Private Practice - Nurse / Midwife,Homa Bay,Mbita,Mbita,Gembe West,Mbita Township,MBITA,Mbita,278,Akado Dispensary,None,Level 2,Basic primary health care facility,Non-Governmental Organizations,Ministry of Health,15,8,NOT PROVIDED,Operational,No,No,No,No,,Yes,Yes,No,-0.44261,34.22513,9/11/1980
278,Alum Beach Dispensary,Dispensary,Ministry of Health,Homa Bay,Rachuonyo North,West Karachuonyo,West Kadhimu,Kayoo West,KARACHUONYO,Kandiege Market,13472,Alum Beach Dispensary,None,Level 2,Dispensaries and clinic-out patient only,Ministry of Health,Ministry of Health,0,0,WEST KARACHUONYO,Operational,No,No,No,No,,Yes,Yes,No,-0.44673,34.48747,9/12/1980
315,Amoyo Dispensary,Dispensary,Ministry of Health,Homa Bay,Ndhiwa,Nyarongi,Central Kanyadoto,Kaganda South,NDHIWA,Riat,16768,Amoyo Dispensary,None,Level 2,Dispensaries and clinic-out patient only,Ministry of Health,Ministry of Health,0,0,KANYADOTO,Operational,No,No,No,No,,Yes,Yes,No,-0.82297,34.35597,9/13/1980
338,Ang'iya Dispensary,Dispensary,Ministry of Health,Homa Bay,Mbita,Mbita,Gembe West,Kasgunga East,MBITA,Luanda,13479,Ang'iya Dispensary,None,Level 2,Dispensaries and clinic-out patient only,Ministry of Health,Ministry of Health,0,0,KASGUNGA,Operational,No,No,No,No,,Yes,Yes,No,-0.45775,34.27647,9/14/1980
428,Asumbi Annex Dispensary,Medical Clinic,Kenya Episcopal Conference-Catholic Secretariat,Homa Bay,Homa Bay,Asego,East Kanyada,Kalanya,RANGWE,Rodi Market,16987,Asumbi Annex Dispensary,None,Level 2,Dispensaries and clinic-out patient only,Kenya Episcopal Conference-Catholic Secretariat,Ministry of Health,0,0,HOMA BAY EAST,Operational,No,No,No,No,,Yes,Yes,No,-0.6246,34.50363,9/15/1980
429,Asumbi Health Centre,Health Centre,Kenya Episcopal Conference-Catholic Secretariat,Homa Bay,Homa Bay,Rangwe,Central Gem,Kajulu,RANGWE,Rangwe,13488,Asumbi Health Centre,None,Level 3,Basic primary health care facility,Kenya Episcopal Conference-Catholic Secretariat,Kenya MPDB - Institution,35,0,EAST GEM,Operational,No,No,No,No,,Yes,Yes,No,-0.62079,34.61453,9/16/1980
430,Asumbi Teachers Training College,Medical Clinic,Private Practice - Nurse / Midwife,Homa Bay,Homa Bay,West Gem,Kajulu,Kajulu,RANGWE,Asumbi,21118,Asumbi Teachers Training College,None,Level 2,Dispensaries and clinic-out patient only,Private Practice - Nurse / Midwifery,Ministry of Health,5,1,EAST GEM,Operational,No,No,No,No,,Yes,Yes,No,-0.6018,34.23737,9/17/1980
432,Atela Dispensary,Dispensary,Ministry of Health,Homa Bay,Rachuonyo South,Kabondo,Atela,Kodumo East,KASIPUL/KABONDO,Near Chabera Market,432,Atela Dispensary,None,Level 2,Basic primary health care facility,Non-Governmental Organizations,Ministry of Health,25,3,NOT PROVIDED,Operational,No,No,No,No,,Yes,Yes,No,-0.42457,34.99704,9/18/1980
433,Atemo Health Centre,Health Centre,Christian Health Association of Kenya,Homa Bay,Rachuonyo South,Kasipul,Kojwach,Kamuga,KASIPUL/KABONDO,Ringa Market,13489,Atemo Health Centre,None,Level 3,Basic primary health care facility,Christian Health Association of Kenya,Kenya MPDB - Institution,10,1,KOJWACH,Operational,No,No,No,No,,Yes,Yes,No,-0.503,34.83291,9/19/1980
471,Badilika VCT,VCT Centre (Stand-Alone),Non-Governmental Organizations,Homa Bay,Rachuonyo South,Kabondo,Atela,East Kodumo,KASIPUL/KABONDO,Chabera Market,471,Badilika VCT,None,Level 2,Basic primary health care facility,Non-Governmental Organizations,Ministry of Health,56,4,NOT PROVIDED,Operational,No,No,No,No,,Yes,Yes,No,-0.42111,35.00508,9/20/1980
614,Benrose Clinic,Medical Clinic,Private Enterprise (Institution),Homa Bay,Homa Bay,Asego,East-Kanyada,Kanyango/Kalanya,RANGWE,Rodi Kopany,614,Benrose Clinic,None,Level 2,Basic primary health care facility,Non-Governmental Organizations,Ministry of Health,43,2,NOT PROVIDED,Operational,No,No,No,No,,Yes,Yes,No,-0.6248,34.50197,9/21/1980
734,Bora Bora Clinic,Medical Clinic,Private Enterprise (Institution),Homa Bay,Ndhiwa,Ndhiwa,West Kanyamwa,Kayambo,NDHIWA,Ndhiwa,13509,Bora Bora Clinic,None,Level 2,Dispensaries and clinic-out patient only,Non-Governmental Organizations,Kenya MPDB - Institution,0,0,KANYAMWA KOSEWE,Operational,No,No,No,No,,Yes,Yes,No,-0.73072,34.36853,9/22/1980
1191,Chuowe Dispensary,Dispensary,Ministry of Health,Homa Bay,Rachuonyo North,East Karachuonyo,Wangchieng,Kobala,KARACHUONYO,Miriu Market,13529,Chuowe Dispensary,None,Level 2,Dispensaries and clinic-out patient only,Ministry of Health,Ministry of Health,0,0,WANG'CHIENG,Operational,No,No,No,No,,Yes,Yes,No,-0.32141,34.77078,9/23/1980
1195,Chuthber Dispensary,Dispensary,Ministry of Health,Homa Bay,Rachuonyo North,East Karachuonyo,Rambira,Karabondi,KARACHUONYO,Chuthber Market,13530,Chuthber Dispensary,None,Level 2,Dispensaries and clinic-out patient only,Ministry of Health,Ministry of Health,2,0,WANG'CHIENG,Operational,No,No,No,No,,Yes,Yes,No,-0.39885,34.72371,9/24/1980
1223,Community Action for Rural Developement  VCT,VCT Centre (Stand-Alone),Non-Governmental Organizations,Homa Bay,Homa Bay,Ndhiwa,West Kanyamwa,Upper Kayambo,NDHIWA,Ndhiwa,20079,Community Action for Rural Developement  VCT,None,Level 2,VCT,Non-Governmental Organizations,Ministry of Health,2,2,KANYAMWA KOSEWE,Operational,No,No,No,No,,Yes,Yes,No,-0.73243,34.36419,9/25/1980
1372,"Devlink Africa VCT, Mbita",VCT Centre (Stand-Alone),Non-Governmental Organizations,Homa Bay,Mbita,Mbita,Gembe West,Township,MBITA,Mbita,20143,"Devlink Africa VCT, Mbita",None,Level 2,VCT,Non-Governmental Organizations,Other,0,0,KASGUNGA,Operational,No,No,No,No,,Yes,Yes,No,-0.42698,34.20936,9/26/1980
1443,Dr Eshtera Clinic,Medical Clinic,Private Practice - General Practitioner,Homa Bay,Homa Bay,Asego,Homa bay Town,Homa bay Town,RANGWE,Homa bay,18003,Dr Eshtera Clinic,None,Level 2,Dispensaries and clinic-out patient only,Private Practice - General Practitioner,Pharmacy & Poisons Board,0,0,HOMA BAY CENTRAL,Operational,No,No,No,No,,Yes,Yes,No,-0.53032,34.45688,9/27/1980
1678,Ekialo Kiano VCT,VCT Centre (Stand-Alone),Non-Governmental Organizations,Homa Bay,Mbita,Mfangano,Mfangano East,Wakinga,MBITA,Kitawi Beach,19971,Ekialo Kiano VCT,None,Level 2,VCT,Non-Governmental Organizations,Kenya MPDB - Private Practice,0,0,MFANGANO ISLAND,Operational,No,No,No,No,,Yes,Yes,No,-0.49119,34.03444,9/28/1980
2180,Gethsemane Garden Mission Hospital,VCT Centre (Stand-Alone),Non-Governmental Organizations,Homa Bay,Mbita,Mfangano,Mfangano North,Waware,MBITA,Wakiangata,20102,Gethsemane Garden Mission Hospital,None,Level 2,VCT,Non-Governmental Organizations,Kenya MPDB - Private Practice,0,0,MFANGANO ISLAND,Operational,No,No,No,No,,Yes,Yes,No,-0.46484,34.06335,9/29/1980
2305,GK Prison Dispensary (Homa Bay),Dispensary,Ministry of Health,Homa Bay,Homa Bay,Asego,Homa-Bay,Homa Bay Township,RANGWE,Homa-Bay,13578,GK Prison Dispensary (Homa Bay),None,Level 2,Dispensaries and clinic-out patient only,Ministry of Health,Ministry of Health,0,0,HOMA BAY CENTRAL,Operational,No,No,No,No,,Yes,Yes,No,-0.53018,34.46596,9/30/1980
2352,Godber Dispensary,Health Centre,Ministry of Health,Homa Bay,Rachuonyo South,Kasipul,Kakello,Kakello Dudi,KASIPUL/KABONDO,Gamba Market,2352,Godber Dispensary,None,Level 2,Basic primary health care facility,Non-Governmental Organizations,Ministry of Health,78,0,NOT PROVIDED,Operational,No,No,No,No,,Yes,Yes,No,-0.52323,34.79431,10/1/1980
2353,Godbura Health Centre,Health Centre,Ministry of Health,Homa Bay,Suba,Gwassi,Gwassi Central,Nyancha,GWASI,Nyandiwa,13585,Godbura Health Centre,None,Level 3,Basic primary health care facility,Ministry of Health,Ministry of Health,1,0,GWASSI SOUTH,Operational,No,No,No,No,,Yes,Yes,No,-0.7223,34.08519,10/2/1980
2367,Gongo Dispensary,Dispensary,Community,Homa Bay,Homa Bay,Rangwe,Gongo,Gongo,RANGWE,Ndhiwa,13587,Gongo Dispensary,None,Level 2,Dispensaries and clinic-out patient only,Ministry of Health,Other,0,0,KAGAN,Operational,No,No,No,No,,Yes,Yes,No,-0.52814,34.62109,10/3/1980
2381,Good Shepherd Ang'iya,Dispensary,Kenya Episcopal Conference-Catholic Secretariat,Homa Bay,Ndhiwa,Riana,NOT PROVIDED,NOT PROVIDED,NDHIWA,Lwanda Kawuor,17747,Good Shepherd Ang'iya,None,Level 2,Dispensaries and clinic-out patient only,Kenya Episcopal Conference-Catholic Secretariat,Other,4,2,KABOUCH NORTH,Operational,No,No,No,No,,Yes,Yes,No,-0.7341,34.52251,10/4/1980
2396,Got Kamondi Dispensary,Dispensary,Ministry of Health,Homa Bay,Rachuonyo South,Kabondo,Kawuor,Miriu,KASIPUL/KABONDO,Wang'apala Secondary School,18874,Got Kamondi Dispensary,None,Level 2,Dispensaries and clinic-out patient only,Ministry of Health,Ministry of Health,0,0,KABONDO EAST,Operational,No,No,No,No,,Yes,Yes,No,-0.42111,34.91194,10/5/1980
2397,Got Kojowi Health Centre,Health Centre,Ministry of Health,Homa Bay,Ndhiwa,Kobama,West Kobwae,Kasirime,NDHIWA,Ratanga,13589,Got Kojowi Health Centre,None,Level 3,Basic primary health care facility,Ministry of Health,Ministry of Health,6,0,KWABWAI,Operational,No,No,No,No,,Yes,Yes,No,-0.74146,34.26536,10/6/1980
2400,Got Oyaro Dispensary,Dispensary,Ministry of Health,Homa Bay,Rachuonyo North,West Karachuonyo,Kokoth Katenga,Koyumbre,KARACHUONYO,Pala Market,13592,Got Oyaro Dispensary,None,Level 2,Dispensaries and clinic-out patient only,Ministry of Health,Ministry of Health,0,0,WEST KARACHUONYO,Operational,No,No,No,No,,Yes,Yes,No,-0.39452,34.53262,10/7/1980
2553,Holy Family Oriang Mission Dispensary,Dispensary,Kenya Episcopal Conference-Catholic Secretariat,Homa Bay,Rachuonyo South,Kabondo,Kawuor,Kodhoch,KASIPUL/KABONDO,Misambi Market,13604,Holy Family Oriang Mission Dispensary,None,Level 2,Dispensaries and clinic-out patient only,Kenya Episcopal Conference-Catholic Secretariat,Kenya MPDB - Institution,2,0,KABONDO EAST,Operational,No,No,No,No,,Yes,Yes,No,-0.44541,34.92139,10/8/1980
2557,Homa Bay Central Widows VCT,VCT Centre (Stand-Alone),Private Practice - Nurse / Midwife,Homa Bay,Homa Bay,Asego,Homa bay Town,Homa Bay Town,RANGWE,Sofia,18063,Homa Bay Central Widows VCT,None,Level 2,VCT,Private Practice - Nurse / Midwifery,Other,0,0,HOMA BAY ARUJO,Operational,No,No,No,No,,Yes,Yes,No,-0.54025,34.45585,10/9/1980
2558,Homa Bay Community Medical Clinic,Medical Clinic,Private Practice - Clinical Officer,Homa Bay,Homa Bay,Asego,Homa bay Town,Arujo,RANGWE,Homa bay Town,17926,Homa Bay Community Medical Clinic,None,Level 2,Dispensaries and clinic-out patient only,Private Practice - Clinical Officer,Clinical Officers Council,1,0,HOMA BAY CENTRAL,Operational,No,No,Yes,No,,Yes,Yes,No,-0.53058,34.45572,10/10/1980
2559,Homa Bay County Teaching and Referral Hospital,District Hospital,Ministry of Health,Homa Bay,Homa Bay,Asego,Homa-Bay,Homa Bay Township,RANGWE,Homa-Bay,13608,Homa Bay County Teaching and Referral Hospital,None,Level 4,Secondary care hospitals,Ministry of Health,Ministry of Health,280,8,HOMA BAY CENTRAL,Operational,Yes,No,Yes,No,,Yes,Yes,No,-0.53325,34.46121,10/11/1980
2560,Homa Clinic,Medical Clinic,Private Enterprise (Institution),Homa Bay,Homa Bay,Asego,Homa-Bay Town,Township,RANGWE,Homa-Bay,13605,Homa Clinic,None,Level 2,Dispensaries and clinic-out patient only,Private Enterprise (Institution),Kenya MPDB - Institution,0,0,HOMA BAY CENTRAL,Operational,No,No,No,No,,Yes,Yes,No,-0.53108,34.45724,10/12/1980
2561,Homa Hills Health Centre,Health Centre,Non-Governmental Organizations,Homa Bay,Rachuonyo North,West Karachuonyo,Kanam B,Kanyango,KARACHUONYO,Doho Market,13606,Homa Hills Health Centre,None,Level 3,Basic primary health care facility,Non-Governmental Organizations,Other,0,0,WEST KARACHUONYO,Operational,No,No,No,No,,Yes,Yes,No,-0.35379,34.46834,10/13/1980
2562,Homa Lime Health Centre,Health Centre,Ministry of Health,Homa Bay,Rachuonyo North,West Karachuonyo,West Kadhimu,Koguta,KARACHUONYO,Doho Market,13607,Homa Lime Health Centre,None,Level 3,Basic primary health care facility,Ministry of Health,Ministry of Health,6,2,KIBIRI,Operational,Yes,No,Yes,No,,Yes,Yes,No,-0.43037,34.55277,10/14/1980
2563,Homabay County Beyond Zero Mobile Clinic,Dispensary,Ministry of Health,Homa Bay,Homa Bay,TownShip,Township,Township,RANGWE,Homabay Town,21016,Homabay County Beyond Zero Mobile Clinic,None,Level 2,Dispensaries and clinic-out patient only,Ministry of Health,Ministry of Health,0,0,HOMA BAY CENTRAL,Operational,No,No,No,No,,Yes,Yes,No,-0.53325,34.46121,10/15/1980
2572,Hope Compassionate (ACK) Dispensary,Dispensary,Christian Health Association of Kenya,Homa Bay,Homa Bay,Asego,Homa Bay Town,Asego,RANGWE,Homa Bay town,16983,Hope Compassionate (ACK) Dispensary,None,Level 2,Dispensaries and clinic-out patient only,Christian Health Association of Kenya,Kenya MPDB - Institution,0,0,HOMA BAY CENTRAL,Operational,No,No,No,No,,Yes,Yes,No,-0.53423,34.46021,10/16/1980
2792,Integrated Development Fund (IDF) VCT,VCT Centre (Stand-Alone),Non-Governmental Organizations,Homa Bay,Rachuonyo South,Kabondo,Kasewe,"Kasewe ""B""",KASIPUL/KABONDO,Kadongo Market,17585,Integrated Development Fund (IDF) VCT,None,Level 2,VCT,Non-Governmental Organizations,Other,0,0,KABONDO WEST,Operational,No,No,No,No,,Yes,Yes,No,-0.44715,34.88965,10/17/1980
2794,International Medical Corps Mobile VCT (Mbita),VCT Centre (Stand-Alone),Non-Governmental Organizations,Homa Bay,Mbita,Mbita,Gembe West,Mbita Township,MBITA,Mbita,17846,International Medical Corps Mobile VCT (Mbita),None,Level 2,VCT,Non-Governmental Organizations,Kenya MPDB - Private Practice,0,0,KASGUNGA,Operational,No,No,No,No,,Yes,Yes,No,-0.43307,34.20608,10/18/1980
2946,Janeiro Nursing Home,Medical Clinic,Private Practice - Clinical Officer,Homa Bay,Homa Bay,Rangwe,East Kochia,Kamenya,RANGWE,Homabay,21135,Janeiro Nursing Home,None,Level 2,Dispensaries and clinic-out patient only,Private Practice - Clinical Officer,Ministry of Health,25,2,HOMA BAY EAST,Operational,No,No,No,No,,Yes,Yes,No,-0.5483,34.507,10/19/1980
2952,Jawabu (Community) Medical Clinic,Medical Clinic,Private Enterprise (Institution),Homa Bay,Rachuonyo South,Kabondo,Kasewe,Kasewe B,KASIPUL/KABONDO,Kadongo Market,13633,Jawabu (Community) Medical Clinic,None,Level 2,Dispensaries and clinic-out patient only,Private Enterprise (Institution),Clinical Officers Council,26,0,KABONDO WEST,Operational,Yes,No,Yes,No,,Yes,Yes,No,-0.44757,34.89305,10/20/1980
2994,Johpas Clinic,Nursing Home,Private Enterprise (Institution),Homa Bay,Homa Bay,Rangwe,Central Gem,Kajulu,RANGWE,Rangwe,13636,Johpas Clinic,None,Level 2,Basic primary health care facility,Private Enterprise (Institution),Kenya MPDB - Institution,0,0,WEST GEM,Operational,No,No,No,No,,Yes,Yes,No,-0.6256,34.62249,10/21/1980
3105,Kabondo Sub-District Hospital,Sub-District Hospital,Ministry of Health,Homa Bay,Rachuonyo South,Kabondo,Kodhoch West,Upper Kodhoch West,KASIPUL/KABONDO,Kadongo Market,13638,Kabondo Sub-District Hospital,None,Level 4,Primary care hospitals,Ministry of Health,Ministry of Health,14,3,KABONDO WEST,Operational,Yes,No,Yes,No,,Yes,Yes,No,-0.42077,34.87435,10/22/1980
3130,Kachuth Dispensary,Dispensary,Ministry of Health,Homa Bay,Ndhiwa,Kobama,East Kwabwai,Kachuth,NDHIWA,Ratanga,18876,Kachuth Dispensary,None,Level 2,Dispensaries and clinic-out patient only,Ministry of Health,Ministry of Health,0,0,KOCHIA,Operational,No,No,No,No,,Yes,Yes,No,-0.33342,34.42402,10/23/1980
3137,Kadhola Dispensary,Dispensary,Ministry of Health,Homa Bay,Ndhiwa,Kobama,NOT PROVIDED,NOT PROVIDED,NDHIWA,NOT PROVIDED,3137,Kadhola Dispensary,None,Level 2,,Non-Governmental Organizations,Ministry of Health,46,0,NOT PROVIDED,Operational,No,No,No,No,,Yes,Yes,No,-0.81123,34.28983,10/24/1980
3151,Kageno Dispensary,Dispensary,Community,Homa Bay,Mbita,Mbita,Rusinga West,Wanyama,MBITA,Rusinga,13642,Kageno Dispensary,None,Level 2,Dispensaries and clinic-out patient only,Ministry of Health,Kenya MPDB - Private Practice,0,0,KASGUNGA,Operational,No,No,No,No,,Yes,Yes,No,-0.45775,34.27647,10/25/1980
3152,Kager Dispensary,Dispensary,Non-Governmental Organizations,Homa Bay,Homa Bay,Rangwe,East Kochia,Kamenya,RANGWE,Oneno,13643,Kager Dispensary,None,Level 2,Dispensaries and clinic-out patient only,Non-Governmental Organizations,Ministry of Health,0,0,KOCHIA,Operational,No,No,No,No,,Yes,Yes,No,-0.56097,34.53711,10/26/1980
3238,Kajieyi Dispensary,Dispensary,Ministry of Health,Homa Bay,Rachuonyo North,East Karachuonyo,Wangchieng,Kajieyi,KARACHUONYO,Lida  Market,13646,Kajieyi Dispensary,None,Level 2,Dispensaries and clinic-out patient only,Ministry of Health,Ministry of Health,0,0,WANG'CHIENG,Operational,No,No,No,No,,Yes,Yes,No,-0.37471,34.74031,10/27/1980
3353,Kamasengere Dispensary,Dispensary,Christian Health Association of Kenya,Homa Bay,Mbita,Mbita,Rusinga West,Kamasengere East,MBITA,Kolunga Beach,13650,Kamasengere Dispensary,None,Level 2,Dispensaries and clinic-out patient only,Christian Health Association of Kenya,Kenya MPDB - Institution,0,0,RUSINGA ISLAND,Operational,No,No,No,No,,Yes,Yes,No,-0.42124,34.14635,10/28/1980
3448,Kandiege Sub-District Hospital,Sub-District Hospital,Ministry of Health,Homa Bay,Rachuonyo North,West Karachuonyo,Koyugi,Kojwang,KARACHUONYO,Kandiege Market,13653,Kandiege Sub-District Hospital,None,Level 4,Primary care hospitals,Ministry of Health,Ministry of Health,36,0,KIBIRI,Operational,Yes,No,Yes,No,,Yes,Yes,No,-0.42939,34.55277,10/29/1980
3476,Kangri Dispensary,Dispensary,Ministry of Health,Homa Bay,Rachuonyo North,West karachuonyo,Kamser Nyakongo,Kamser A,KARACHUONYO,Oyuma Market,20169,Kangri Dispensary,None,Level 2,Dispensaries and clinic-out patient only,Ministry of Health,Ministry of Health,2,2,CENTRAL,Operational,Yes,No,No,No,,Yes,Yes,No,-0.35024,34.61466,10/30/1980
3735,Kargeno VCT,VCT Centre (Stand-Alone),Non-Governmental Organizations,Homa Bay,Rachuonyo South,East Karachuonyo,North East Karachuonyo,Konyango Kajieri,KARACHUONYO,Kendu Bay Town,3735,Kargeno VCT,None,Level 2,Basic primary health care facility,Ministry of Health,Ministry of Health,12,0,NOT PROVIDED,Operational,Yes,No,No,No,,Yes,Yes,No,-0.3635,34.64732,10/31/1980
3801,Kasewe Dispensary,Dispensary,Ministry of Health,Homa Bay,Rachuonyo South,Kabondo,Kasewe,Kasewe B,KASIPUL/KABONDO,Near Sori centre,3801,Kasewe Dispensary,None,Level 2,Basic primary health care facility,Ministry of Health,Ministry of Health,21,0,NOT PROVIDED,Operational,No,No,No,No,,Yes,Yes,No,-0.444,34.444,11/1/1980
3905,Kauma Health Centre (Rachuonyo),Health Centre,Ministry of Health,Homa Bay,Rachuonyo South,Kabondo,Ramba,Kakangutu West,KASIPUL/KABONDO,Near Ramba Market,13658,Kauma Health Centre (Rachuonyo),None,Level 3,Basic primary health care facility,Ministry of Health,Ministry of Health,0,0,KABONDO WEST,Operational,No,No,No,No,,Yes,Yes,No,-0.40412,34.8234,11/2/1980
3978,Kendu Adventist Hospital,Other Hospital,Christian Health Association of Kenya,Homa Bay,Rachuonyo North,East Karachuonyo,North Karachuonyo,Upper Kakwajuok,KARACHUONYO,Benga Market,13667,Kendu Adventist Hospital,None,Level 4,Primary care hospitals,Christian Health Association of Kenya,Kenya MPDB - Institution,160,31,NORTH KARACHUONYO,Operational,Yes,No,Yes,No,,Yes,Yes,No,-0.40151,34.66465,11/3/1980
3979,Kendu Sub-District Hospital,Sub-District Hospital,Ministry of Health,Homa Bay,Rachuonyo North,East Karachuonyo,Northeast Karachuonyo,Konyango Kajieri,KARACHUONYO,Kendu-Bay Town,13668,Kendu Sub-District Hospital,None,Level 4,Primary care hospitals,Ministry of Health,Ministry of Health,28,2,NORTH KARACHUONYO,Operational,Yes,No,Yes,No,,Yes,Yes,No,-0.37066,34.65042,11/4/1980
3992,Kenya Acorn Project (Acorn) Health Centre,Medical Clinic,Private Enterprise (Institution),Homa Bay,Ndhiwa,Ndhiwa,West Kanyamwa,Kayambo,NDHIWA,Ndhiwa,13670,Kenya Acorn Project (Acorn) Health Centre,None,Level 2,Dispensaries and clinic-out patient only,Private Enterprise (Institution),Kenya MPDB - Institution,15,0,KANYAMWA KOSEWE,Operational,No,No,No,No,,Yes,Yes,No,-0.7179,34.34824,11/5/1980
4183,Kiasa Dispensary,Dispensary,Ministry of Health,Homa Bay,Ndhiwa,Kobama,East Kwabai,Kamdar Kodondo,NDHIWA,Ratanga,13686,Kiasa Dispensary,None,Level 2,Dispensaries and clinic-out patient only,Ministry of Health,Ministry of Health,0,0,KWABWAI,Operational,No,No,No,No,,Yes,Yes,No,-0.75302,34.30196,11/6/1980
4258,Kiembe Dispensary,Dispensary,Ministry of Health,Homa Bay,Suba,Gwassi,Gwassi West,Tonga,GWASI,Magunga,4258,Kiembe Dispensary,None,Level 2,Basic primary health care facility,Ministry of Health,Ministry of Health,13,4,NOT PROVIDED,Operational,No,No,No,No,,Yes,Yes,No,-0.65355,34.13381,11/7/1980
4280,Kigwa Dispensary,Dispensary,Ministry of Health,Homa Bay,Suba,Gwassi,Gwassi East,Kibwer,GWASI,Magunga,13691,Kigwa Dispensary,None,Level 2,Dispensaries and clinic-out patient only,Ministry of Health,Ministry of Health,1,0,RUMA-KAKSINGIRI EAST,Operational,No,No,No,No,,Yes,Yes,No,-0.67382,34.20986,11/8/1980
4311,Kijawa Dispensary,Dispensary,Ministry of Health,Homa Bay,Homa Bay,Asego,East Kanyada,Kalanya Kanyango,RANGWE,Rodi Kopany,16765,Kijawa Dispensary,None,Level 2,Dispensaries and clinic-out patient only,Ministry of Health,Ministry of Health,0,0,HOMA BAY WEST,Operational,No,No,No,No,,Yes,Yes,No,-0.61988,34.47081,11/9/1980
4403,Kimonge Dispensary,Dispensary,Ministry of Health,Homa Bay,Rachuonyo South,Kasipul,Kojwach,Kawere,KASIPUL/KABONDO,Gamba,4403,Kimonge Dispensary,None,Level 2,Basic primary health care facility,Ministry of Health,Ministry of Health,7,4,NOT PROVIDED,Operational,No,No,No,No,,Yes,Yes,No,-0.51833,34.81161,11/10/1980
4602,Kisaku Dispensary,Dispensary,Ministry of Health,Homa Bay,Suba,Gwassi,Gwassi North,Kisaku,GWASI,Magunga,13700,Kisaku Dispensary,None,Level 2,Dispensaries and clinic-out patient only,Ministry of Health,Ministry of Health,6,0,GWASSI NORTH,Operational,No,No,No,No,,Yes,Yes,No,-0.66163,34.10946,11/11/1980
4613,Kisegi Sub-District Hospital,Sub-District Hospital,Ministry of Health,Homa Bay,Suba,Gwassi,Gwassi North,Uterere,GWASI,Nyagwethe,13701,Kisegi Sub-District Hospital,None,Level 4,Primary care hospitals,Ministry of Health,Ministry of Health,24,2,GWASSI NORTH,Operational,Yes,No,Yes,No,,Yes,Yes,No,-0.64686,34.05712,11/12/1980
4665,Kitare Health Centre,Health Centre,Ministry of Health,Homa Bay,Mbita,Mbita,Gembe East,Kayanja,MBITA,Kitare,13705,Kitare Health Centre,None,Level 3,Basic primary health care facility,Ministry of Health,Ministry of Health,8,0,GEMBE,Operational,Yes,No,Yes,No,,Yes,Yes,No,-0.506,34.33066,11/13/1980
4738,Kiwa Island Dispensary,Dispensary,Ministry of Health,Homa Bay,Suba,Gwassi,Gwassi West,Nyandiwa,GWASI,Nyandiwa,13707,Kiwa Island Dispensary,None,Level 2,Dispensaries and clinic-out patient only,Ministry of Health,Ministry of Health,0,0,GWASSI NORTH,Operational,No,No,No,No,,Yes,Yes,No,-0.7513,34.03312,11/14/1980
4760,Kobodo Dispensary,Dispensary,Ministry of Health,Homa Bay,Ndhiwa,Kobodo,NOT PROVIDED,NOT PROVIDED,NDHIWA,NOT PROVIDED,20241,Kobodo Dispensary,None,Level 2,Dispensaries and clinic-out patient only,Ministry of Health,Ministry of Health,0,0,KOCHIA,Operational,No,No,No,No,,Yes,Yes,No,-0.4587,34.5426,11/15/1980
4765,Kobuya Dispensary,Dispensary,Ministry of Health,Homa Bay,Rachuonyo North,East Karachuonyo,Kobuya,East Kobuya,KARACHUONYO,Miriu Market,13708,Kobuya Dispensary,None,Level 2,Dispensaries and clinic-out patient only,Ministry of Health,Ministry of Health,0,0,WANG'CHIENG,Operational,No,No,No,No,,Yes,Yes,No,-0.35144,34.78689,11/16/1980
4770,Kodula Dispensary,Dispensary,Ministry of Health,Homa Bay,Rachuonyo North,West Karachuonyo,Kakdhimu,Kawiti,KARACHUONYO,Kodula Market,21246,Kodula Dispensary,None,Level 2,Dispensaries and clinic-out patient only,Ministry of Health,Ministry of Health,4,2,WANG'CHIENG,Operational,No,No,No,No,,Yes,Yes,No,-0.3451,34.79,11/17/1980
4771,Koduogo Dispensary,Dispensary,Ministry of Health,Homa Bay,Homa Bay,Asego,West Kanyada,North Kanyabala,RANGWE,Homa bay Town,19861,Koduogo Dispensary,None,Level 2,Dispensaries and clinic-out patient only,Ministry of Health,Ministry of Health,2,1,KANYAMWA KOLOGI,Operational,No,No,No,No,,Yes,Yes,No,-0.57,34.4,11/18/1980
4776,Kogweno Oriang' Dispensary,Dispensary,Ministry of Health,Homa Bay,Rachuonyo North,East Karachuonyo,Kogweno Oriang',Kogweno Oriang' East,KARACHUONYO,Oriang'  Market,13711,Kogweno Oriang' Dispensary,None,Level 2,Dispensaries and clinic-out patient only,Ministry of Health,Ministry of Health,0,0,CENTRAL,Operational,No,No,No,No,,Yes,Yes,No,-0.39146,34.63092,11/19/1980
4794,Kokech Mirondo Health Center,Health Centre,Ministry of Health,Homa Bay,Rachuonyo South,Kasiipul,Kokech,Kawino,KASIPUL/KABONDO,Mirondo Secondary,21212,Kokech Mirondo Health Center,None,Level 3,Basic primary health care facility,Ministry of Health,Ministry of Health,0,0,SOUTH KASIPUL,Operational,No,No,No,No,,Yes,Yes,No,-0.50455,34.69198,11/20/1980
4799,Kokwanyo Health Centre,Health Centre,Ministry of Health,Homa Bay,Rachuonyo South,Kasipul,Kokwanyo,West Kokwanyo,KASIPUL/KABONDO,Kochola Market,13712,Kokwanyo Health Centre,None,Level 3,Basic primary health care facility,Ministry of Health,Ministry of Health,0,0,KOKWANYO/KAKELO,Operational,No,No,No,No,,Yes,Yes,No,-0.41206,34.78627,11/21/1980
4822,Kome Dispensary,Dispensary,Ministry of Health,Homa Bay,Ndhiwa,Ndhiwa,Kanyamwa Central,kwandiku,NDHIWA,Kodumba,4822,Kome Dispensary,None,Level 2,Basic primary health care facility,Ministry of Health,Ministry of Health,18,4,NOT PROVIDED,Operational,No,No,No,No,,No,No,No,-0.65,34.6,11/22/1980
4862,Kosele Dispensary,Dispensary,Ministry of Health,Homa Bay,Rachuonyo North,East Karachuonyo,North East Karachuonyo,Jieri,KASIPUL/KABONDO,Kosele Market,13721,Kosele Dispensary,None,Level 2,Dispensaries and clinic-out patient only,Ministry of Health,Ministry of Health,0,0,NORTH KARACHUONYO,Operational,No,No,No,No,,Yes,Yes,No,-0.42044,34.68755,11/23/1980
4871,Koywech Dispensary,Dispensary,Ministry of Health,Homa Bay,Rachuonyo South,Kasipul,North Kamagak,Kawere East,KASIPUL/KABONDO,Nead God Nyango Primry,18531,Koywech Dispensary,None,Level 2,Dispensaries and clinic-out patient only,Ministry of Health,Ministry of Health,0,0,CENTRAL KASIPUL,Operational,No,No,No,No,,Yes,Yes,No,-0.44755,34.72799,11/24/1980
4936,Kwamo Dispensary,Dispensary,Community,Homa Bay,Ndhiwa,Ndhiwa,Central Kanyamwa,Kabonyo,NDHIWA,Ndhiwa,13728,Kwamo Dispensary,None,Level 2,Dispensaries and clinic-out patient only,Ministry of Health,Other,0,0,KANYAMWA KOSEWE,Operational,No,No,No,No,,Yes,Yes,No,-0.71297,34.30875,11/25/1980
5020,Lambwe Dispensary,Dispensary,Ministry of Health,Homa Bay,Mbita,Lambwe,Lambwe West,Godjope,MBITA,Ogongo,13731,Lambwe Dispensary,None,Level 2,Dispensaries and clinic-out patient only,Ministry of Health,Ministry of Health,0,0,LAMBWE,Operational,No,No,No,No,,Yes,Yes,No,-0.55591,34.32535,11/26/1980
5021,Lambwe Forest Dispensary,Dispensary,Ministry of Health,Homa Bay,Ndhiwa,Ndhiwa,South Kanyamwa,Kajwang,NDHIWA,Mirogi,13732,Lambwe Forest Dispensary,None,Level 2,Dispensaries and clinic-out patient only,Ministry of Health,Ministry of Health,0,0,KANYAMWA KOSEWE,Operational,No,No,No,No,,Yes,Yes,No,-0.67757,34.307,11/27/1980
5066,Lela (Community) Dispensary,Dispensary,Ministry of Health,Homa Bay,Rachuonyo North,East Karachuonyo,Rambira,Karabondi,KARACHUONYO,Apida Market,13733,Lela (Community) Dispensary,None,Level 2,Dispensaries and clinic-out patient only,Ministry of Health,Ministry of Health,0,0,WANG'CHIENG,Operational,No,No,No,No,,Yes,Yes,No,-0.35833,34.71111,11/28/1980
5218,Lombi Medical Clinic,Medical Clinic,Private Practice - Clinical Officer,Homa Bay,Rachuonyo South,Kasipul,Kakelo,Kakelo Dudi,KASIPUL/KABONDO,Mikae Market,16875,Lombi Medical Clinic,None,Level 2,Dispensaries and clinic-out patient only,Private Practice - Clinical Officer,Kenya MPDB - Private Practice,0,0,KOKWANYO/KAKELO,Operational,No,No,No,No,,Yes,Yes,No,-0.48668,34.80982,11/29/1980
5315,Lwanda Awiti Dispensary,Dispensary,Ministry of Health,Homa Bay,Ndhiwa,Kobama,NOT PROVIDED,NOT PROVIDED,NDHIWA,NOT PROVIDED,5315,Lwanda Awiti Dispensary,None,Level 2,Basic primary health care facility,Ministry of Health,Ministry of Health,17,2,NOT PROVIDED,Operational,No,No,No,No,,Yes,Yes,No,-0.7964,34.27632,11/30/1980
5318,Lwanda Gwassi Dispensary,Dispensary,Ministry of Health,Homa Bay,Suba,Gwassi,Gwassi South,Lwala,GWASI,Magunga,13742,Lwanda Gwassi Dispensary,None,Level 2,Dispensaries and clinic-out patient only,Ministry of Health,Ministry of Health,0,0,GWASSI SOUTH,Operational,No,No,No,No,,Yes,Yes,No,-0.7553,34.09525,12/1/1980
5319,Lwanda kobita,Dispensary,Ministry of Health,Homa Bay,Ndhiwa,Riana,NOT PROVIDED,NOT PROVIDED,NDHIWA,NOT PROVIDED,5319,Lwanda kobita,None,Level 2,Basic primary health care facility,Ministry of Health,Ministry of Health,17,,NOT PROVIDED,Operational,No,No,No,No,,Yes,Yes,No,-0.423,34.3,12/2/1980
5378,Magao Dispesnsary,Dispensary,Ministry of Health,Homa Bay,Rachuonyo North,East Karachuonyo,North East Location,Kotieno,KARACHUONYO,Makaka Market,21247,Magao Dispesnsary,None,Level 2,Dispensaries and clinic-out patient only,Ministry of Health,Ministry of Health,4,1,CENTRAL,Operational,No,No,No,No,,Yes,Yes,No,-0.3468,34.593,12/3/1980
5386,Magina Health Centre,Health Centre,Ministry of Health,Homa Bay,Ndhiwa,Riana,Central Kabuoch,Kawour/Kawere,NDHIWA,Magina,13751,Magina Health Centre,None,Level 3,Basic primary health care facility,Ministry of Health,Ministry of Health,5,0,KABOUCH NORTH,Operational,No,No,No,No,,Yes,Yes,No,-0.69821,34.51851,12/4/1980
5394,Magunga Health Centre,Health Centre,Ministry of Health,Homa Bay,Suba,Gwassi,Gwassi Central,Magunga,GWASI,Magunga,13753,Magunga Health Centre,None,Level 3,Basic primary health care facility,Ministry of Health,Ministry of Health,19,0,GWASSI SOUTH,Operational,Yes,No,Yes,No,,Yes,Yes,No,-0.68872,34.14833,12/5/1980
5474,Makongeni Health Centre,Health Centre,Ministry of Health,Homa Bay,Homa Bay,Asego,Township,Asego,RANGWE,Homa bay town,19858,Makongeni Health Centre,None,Level 3,Basic primary health care facility,Ministry of Health,Ministry of Health,6,2,HOMA BAY EAST,Operational,Yes,No,Yes,No,,Yes,Yes,No,-0.53,34.5,12/6/1980
5514,Malela Dispensary,Dispensary,Ministry of Health,Homa Bay,Ndhiwa,Ndhiwa,North Kanyamwa,Kakaeta,NDHIWA,Hoama Bay,13761,Malela Dispensary,None,Level 2,Dispensaries and clinic-out patient only,Ministry of Health,Ministry of Health,5,0,KANYAMWA KOLOGI,Operational,No,No,No,No,,Yes,Yes,No,-0.58486,34.39193,12/7/1980
5531,Malongo Dispensary,Dispensary,Ministry of Health,Homa Bay,Suba,Gwassi,Gwassi North,Malongo,GWASI,Sindo,20379,Malongo Dispensary,None,Level 2,Dispensaries and clinic-out patient only,Ministry of Health,Ministry of Health,2,2,GWASSI NORTH,Operational,No,No,No,No,,Yes,Yes,No,-0.64172,34.0567,12/8/1980
5536,Mama Josphene Clinic,Medical Clinic,Private Practice - Nurse / Midwife,Homa Bay,Suba,Central,Kaksingri Central,Sindo,GWASI,Sindo,13764,Mama Josphene Clinic,None,Level 2,Dispensaries and clinic-out patient only,Private Practice - Nurse / Midwifery,Nursing Council of Kenya (Private Practice),0,0,KAKSINGIRI WEST,Operational,No,No,No,No,,Yes,Yes,No,-0.54087,34.16841,12/9/1980
5565,Mangima SDA Health Centre,Health Centre,Christian Health Association of Kenya,Homa Bay,Rachuonyo South,Kasipul,Konuonga,Konuonga,KASIPUL/KABONDO,Matieko Market,13768,Mangima SDA Health Centre,None,Level 3,Basic primary health care facility,Christian Health Association of Kenya,Kenya MPDB - Institution,8,2,WEST KASIPUL,Operational,Yes,No,Yes,No,,Yes,Yes,No,-0.55951,34.70676,12/10/1980
5568,Mango Tree VCT,Medical Clinic,Private Enterprise (Institution),Homa Bay,Rachuonyo North,East Karachuonyo,Wangchieng,Rakwaro,KARACHUONYO,Rakwaro,20120,Mango Tree VCT,None,Level 2,Dispensaries and clinic-out patient only,Private Enterprise (Institution),Ministry of Health,1,1,CENTRAL,Operational,No,No,No,No,,Yes,Yes,No,-0.34158,34.6234,12/11/1980
5586,Manyatta (SDA) Dispensary,Dispensary,Christian Health Association of Kenya,Homa Bay,Homa Bay,Rangwe,East Kagan,Kanyaruanda(2),RANGWE,Ndiru,13769,Manyatta (SDA) Dispensary,None,Level 2,Dispensaries and clinic-out patient only,Christian Health Association of Kenya,Kenya MPDB - Institution,0,0,KAGAN,Operational,No,No,No,No,,Yes,Yes,No,-0.50578,34.61985,12/12/1980
5619,Maram Dispensary,Dispensary,Ministry of Health,Homa Bay,Ndhiwa,Riana,Central Kabuoch,Konyango,NDHIWA,Maram,16258,Maram Dispensary,None,Level 2,Dispensaries and clinic-out patient only,Ministry of Health,Ministry of Health,0,0,KABOUCH NORTH,Operational,No,No,No,No,,Yes,Yes,No,-0.67527,34.5468,12/13/1980
5680,Marindi Sub county Hospital,District Hospital,Ministry of Health,Homa Bay,Homa Bay,Asego,West-Kanyada,Katuma(1),RANGWE,Rodi Kopany,13777,Marindi Sub county Hospital,None,Level 4,Secondary care hospitals,Ministry of Health,Ministry of Health,12,0,HOMA BAY EAST,Operational,Yes,No,Yes,No,,Yes,Yes,No,-0.65262,34.52024,12/14/1980
5760,Masogo Dispensary,Dispensary,Ministry of Health,Homa Bay,Rachuonyo South,Kabondo,Ramba,Kodumo West,KASIPUL/KABONDO,Kowuor Market,13784,Masogo Dispensary,None,Level 2,Dispensaries and clinic-out patient only,Ministry of Health,Ministry of Health,0,0,KABONDO WEST,Operational,No,No,No,No,,Yes,Yes,No,-0.42549,34.82331,12/15/1980
5784,Matata Nursing Hospital,Nursing Home,Other Faith Based,Homa Bay,Rachuonyo South,Kasipul,West Kamagak,Kamuma,KASIPUL/KABONDO,Oyugis Town,13789,Matata Nursing Hospital,None,Level 4,Basic primary health care facility,Other Faith Based,Kenya MPDB - Institution,89,15,SOUTH KASIPUL,Operational,Yes,No,Yes,No,,Yes,Yes,No,-0.50385,34.73827,12/16/1980
5866,Mawego Health Centre,Health Centre,Kenya Episcopal Conference-Catholic Secretariat,Homa Bay,Rachuonyo North,East Karachuonyo,Kobuya,East Kobuya,KARACHUONYO,Mawego Market,13795,Mawego Health Centre,None,Level 3,Basic primary health care facility,Kenya Episcopal Conference-Catholic Secretariat,Kenya MPDB - Institution,28,4,KOKWANYO/KAKELO,Operational,No,No,No,No,,Yes,Yes,No,-0.39283,34.77082,12/17/1980
5920,Mbita District Hospital,District Hospital,Ministry of Health,Homa Bay,Mbita,Mbita,Gembe West,Mbita Tnshp,MBITA,Mbita,13798,Mbita District Hospital,None,Level 4,Secondary care hospitals,Ministry of Health,Ministry of Health,21,0,KASGUNGA,Operational,Yes,No,Yes,No,,Yes,Yes,No,-0.42249,34.20819,12/18/1980
6112,Midodo Obuya Joy Haugesend,Dispensary,Christian Health Association of Kenya,Homa Bay,Ndhiwa,Pala,Koguta,Boya,NDHIWA,Pala Market,21184,Midodo Obuya Joy Haugesend,None,Level 2,Dispensaries and clinic-out patient only,Christian Health Association of Kenya,Kenya MPDB - Private Practice,3,3,KABUOCH SOUTH/PALA,Operational,No,No,No,No,,Yes,Yes,No,-0.80636,34.43935,12/19/1980
6163,Miniambo Dispensary,Dispensary,Ministry of Health,Homa Bay,Homa Bay,Asego,East Kanyada,Kobuola Kogwang(1),RANGWE,Rodi Kopany,16766,Miniambo Dispensary,None,Level 2,Dispensaries and clinic-out patient only,Ministry of Health,Ministry of Health,0,0,HOMA BAY EAST,Operational,No,No,No,No,,Yes,Yes,No,-0.53761,34.48563,12/20/1980
6169,Miorre Dispensary,Dispensary,Ministry of Health,Homa Bay,Mbita,Mbita,Gembe Central,Kamreri West,MBITA,Mbita,18075,Miorre Dispensary,None,Level 2,Dispensaries and clinic-out patient only,Ministry of Health,Ministry of Health,0,0,GEMBE,Operational,No,No,No,No,,Yes,Yes,No,-0.50545,34.2372,12/21/1980
6183,Miriu Health Centre,Health Centre,Ministry of Health,Homa Bay,Rachuonyo North,East Karachuonyo,Wangchieng,Kamwala,KARACHUONYO,Rakwaro Market,13812,Miriu Health Centre,None,Level 3,Basic primary health care facility,Ministry of Health,Ministry of Health,5,0,WANG'CHIENG,Operational,Yes,No,Yes,No,,Yes,Yes,No,-0.35494,34.75608,12/22/1980
6184,Mirogi Health Centre,Health Centre,Kenya Episcopal Conference-Catholic Secretariat,Homa Bay,Ndhiwa,Ndhiwa,Central Kanyamwa,Kabonyo,NDHIWA,Mirogi,13813,Mirogi Health Centre,None,Level 3,Basic primary health care facility,Kenya Episcopal Conference-Catholic Secretariat,Kenya MPDB - Institution,12,0,KANYAMWA KOSEWE,Operational,No,No,No,No,,Yes,Yes,No,-0.69962,34.38402,12/23/1980
6380,Msare Health Centre,Health Centre,Ministry of Health,Homa Bay,Suba,Central,Kakisingri W,Rangwa East,GWASI,Sindo,13828,Msare Health Centre,None,Level 3,Basic primary health care facility,Ministry of Health,Ministry of Health,2,0,KAKSINGIRI WEST,Operational,Yes,No,Yes,No,,Yes,Yes,No,-0.59192,34.18781,12/24/1980
7044,Ndere Community Dispensary,Dispensary,Ministry of Health,Homa Bay,Rachuonyo North,West karachuonyo,Kanam A,Kowour,KARACHUONYO,Nyangweta Market,20173,Ndere Community Dispensary,None,Level 2,Dispensaries and clinic-out patient only,Ministry of Health,Ministry of Health,0,0,WEST KARACHUONYO,Operational,No,No,No,No,,Yes,Yes,No,-0.3941,34.46325,12/25/1980
7047,Ndhiwa Sub-District Hospital,Sub-District Hospital,Ministry of Health,Homa Bay,Ndhiwa,Ndhiwa,West Kanyamwa,Kayambo,NDHIWA,Ndhiwa,13841,Ndhiwa Sub-District Hospital,None,Level 4,Primary care hospitals,Ministry of Health,Ministry of Health,9,0,KANYAMWA KOSEWE,Operational,No,No,No,No,,Yes,Yes,No,-0.73166,34.36701,12/26/1980
7048,Ndhuru Dispensary,Dispensary,Ministry of Health,Homa Bay,Mbita,Lambwe,Lambwe East,Nyamaji East,MBITA,Kipasi,13842,Ndhuru Dispensary,None,Level 2,Dispensaries and clinic-out patient only,Ministry of Health,Ministry of Health,0,0,LAMBWE,Operational,No,No,No,No,,Yes,Yes,No,-0.51271,34.41892,12/27/1980
7053,Ndiru Health Centre,Health Centre,Ministry of Health,Homa Bay,Homa Bay,Rangwe,Kagan,Kanyiriema(1),RANGWE,Ndiru,13843,Ndiru Health Centre,None,Level 3,Basic primary health care facility,Ministry of Health,Ministry of Health,7,0,KAGAN,Operational,Yes,No,Yes,No,,Yes,Yes,No,-0.52233,34.57814,12/28/1980
7054,Ndisi Dispensary,Dispensary,Ministry of Health,Homa Bay,Ndhiwa,Ndhiwa,NOT PROVIDED,NOT PROVIDED,NDHIWA,NOT PROVIDED,7054,Ndisi Dispensary,None,Level 2,Basic primary health care facility,Ministry of Health,Ministry of Health,5,24,NOT PROVIDED,Operational,Yes,No,Yes,No,,Yes,Yes,No,-0.68057,34.34749,12/29/1980
7073,Nduga Dispensary,Dispensary,Ministry of Health,Homa Bay,Homa Bay,Rangwe,Gem West,Kanyanjwa,RANGWE,Rangwe Market,19868,Nduga Dispensary,None,Level 2,Dispensaries and clinic-out patient only,Ministry of Health,Ministry of Health,2,1,EAST GEM,Operational,No,No,No,No,,Yes,Yes,No,-0.58,34.6,12/30/1980
7147,New Mbita Clinic,Medical Clinic,Private Practice - Clinical Officer,Homa Bay,Mbita,Mbita,Waware,Rusinga East,MBITA,Mbita,17691,New Mbita Clinic,None,Level 2,Dispensaries and clinic-out patient only,Private Practice - Clinical Officer,Clinical Officers Council,0,0,KASGUNGA,Operational,No,No,No,No,,Yes,Yes,No,-0.41589,34.2026,12/31/1980
7196,Ngegu Dispensary,Dispensary,Ministry of Health,Homa Bay,Homa Bay,Rangwe,West Kochia,Kaura(1),RANGWE,Homa Bay,13849,Ngegu Dispensary,None,Level 2,Dispensaries and clinic-out patient only,Ministry of Health,Ministry of Health,2,0,KOCHIA,Operational,No,No,No,No,,Yes,Yes,No,-0.49253,34.51017,1/1/1981
7212,Ngeri Dispensary,Dispensary,Ministry of Health,Homa Bay,Suba,Central,Kaksingiri West,Rangwa West,GWASI,Magunga,17711,Ngeri Dispensary,None,Level 2,Dispensaries and clinic-out patient only,Ministry of Health,Ministry of Health,0,0,KAKSINGIRI WEST,Operational,No,No,No,No,,Yes,Yes,No,-0.59819,34.10402,1/2/1981
7215,Ngeta Dispensary,Dispensary,Ministry of Health,Homa Bay,Rachuonyo North,West karachuonyo,Kamser Nyakongo,Kamser,KARACHUONYO,Ngeta Market,20168,Ngeta Dispensary,None,Level 2,Dispensaries and clinic-out patient only,Ministry of Health,Ministry of Health,2,1,CENTRAL,Operational,No,No,No,No,,Yes,Yes,No,-0.36394,34.58051,1/3/1981
7238,Ng'odhe Dispensary (Main Land),Dispensary,Ministry of Health,Homa Bay,Mbita,Mbita,Gembe West,Kasgunga Central,MBITA,Mbita,18076,Ng'odhe Dispensary (Main Land),None,Level 2,Dispensaries and clinic-out patient only,Ministry of Health,Ministry of Health,0,0,GEMBE,Operational,No,No,No,No,,Yes,Yes,No,-0.49377,34.36375,1/4/1981
7239,Ng'odhe Island Dispensary,Dispensary,Ministry of Health,Homa Bay,Suba,Mbita,Rusinga West,Wanyama,GWASI,Mbita,13854,Ng'odhe Island Dispensary,None,Level 2,Dispensaries and clinic-out patient only,Ministry of Health,Ministry of Health,4,0,RUSINGA ISLAND,Operational,No,No,No,No,,Yes,Yes,No,-0.35246,34.19039,1/5/1981
7266,Nguku Dispensary,Dispensary,Ministry of Health,Homa Bay,Ndhiwa,Nyarongi,West Kanyadoto,Kabura North,NDHIWA,Ndhiwa,13855,Nguku Dispensary,None,Level 2,Dispensaries and clinic-out patient only,Ministry of Health,Ministry of Health,0,0,KANYADOTO,Operational,No,No,No,No,,Yes,Yes,No,-0.80291,34.36585,1/6/1981
7405,Nyabola Dispensary,Dispensary,Ministry of Health,Homa Bay,Rachuonyo South,Kasipul,Konuonga,Kochich,KASIPUL/KABONDO,Kotieno Market,13863,Nyabola Dispensary,None,Level 2,Dispensaries and clinic-out patient only,Ministry of Health,Ministry of Health,0,0,WEST KASIPUL,Operational,No,No,No,No,,Yes,Yes,No,-0.553,34.71608,1/7/1981
7416,Nyadenda Health Centre,Health Centre,Ministry of Health,Homa Bay,Suba,Central,Kaksingri East,Sumba East,GWASI,Nyadenda,13870,Nyadenda Health Centre,None,Level 3,Basic primary health care facility,Ministry of Health,Ministry of Health,4,0,RUMA-KAKSINGIRI EAST,Operational,No,No,No,No,,Yes,Yes,No,-0.60605,34.23837,1/8/1981
7426,Nyagoro Health Centre,Health Centre,Ministry of Health,Homa Bay,Homa Bay,Rangwe,East Kochia,Korayo(2),RANGWE,Olare,13875,Nyagoro Health Centre,None,Level 3,Basic primary health care facility,Ministry of Health,Ministry of Health,8,0,KOCHIA,Operational,Yes,No,Yes,No,,Yes,Yes,No,-0.51561,34.535474,1/9/1981
7428,Nyagowa Elck Dispensary,Dispensary,Other Faith Based,Homa Bay,Rachuonyo South,Kasipul,Kotieno,Konuonga,KASIPUL/KABONDO,Kidir  Market,13873,Nyagowa Elck Dispensary,None,Level 2,Dispensaries and clinic-out patient only,Other Faith Based,Kenya MPDB - Institution,0,0,WEST KASIPUL,Operational,No,No,No,No,,Yes,Yes,No,-0.52445,34.67592,1/10/1981
7431,Nyagwethe Dispensary,Dispensary,Kenya Episcopal Conference-Catholic Secretariat,Homa Bay,Suba,Gwassi,Gwassi North,Uterere,GWASI,Nyagwethe,13879,Nyagwethe Dispensary,None,Level 2,Dispensaries and clinic-out patient only,Kenya Episcopal Conference-Catholic Secretariat,Kenya MPDB - Institution,0,0,KAKSINGIRI WEST,Operational,No,No,No,No,,Yes,Yes,No,-0.61089,34.09796,1/11/1981
7451,Nyalenda Nursing Home,Nursing Home,Private Practice - General Practitioner,Homa Bay,Rachuonyo South,Kasipul,North Kamagak,Nyalenda,KASIPUL/KABONDO,Manyoro Market,13888,Nyalenda Nursing Home,None,Level 3,Basic primary health care facility,Private Practice - General Practitioner,Kenya MPDB - Private Practice,10,2,CENTRAL KASIPUL,Operational,Yes,No,Yes,No,,Yes,Yes,No,-0.46587,34.73448,1/12/1981
7452,Nyalgosi Dispensary,Dispensary,Ministry of Health,Homa Bay,Rachuonyo South,Kasipul,North Kachien,Kaditonge,KARACHUONYO,Nduga  Market,13889,Nyalgosi Dispensary,None,Level 2,Dispensaries and clinic-out patient only,Ministry of Health,Ministry of Health,0,0,CENTRAL KASIPUL,Operational,No,No,No,No,,Yes,Yes,No,-0.45458,34.68672,1/13/1981
7457,Nyalkembo Dispensary,Dispensary,Ministry of Health,Homa Bay,Suba,Cental,Kaksingri East,Sumba East,GWASI,Nyadenda,20913,Nyalkembo Dispensary,None,Level 2,Dispensaries and clinic-out patient only,Ministry of Health,Ministry of Health,2,2,RUMA-KAKSINGIRI EAST,Operational,No,No,No,No,,Yes,Yes,No,-0.60605,34.23838,1/14/1981
7458,Nyalkinyi (Jersey) Dispensary,Dispensary,Ministry of Health,Homa Bay,Homa Bay,Asego,East Kanyada,Kobuola Kogwang,RANGWE,Next to Nyalkinyi Primary School,16986,Nyalkinyi (Jersey) Dispensary,None,Level 2,Dispensaries and clinic-out patient only,Ministry of Health,Ministry of Health,8,0,HOMA BAY EAST,Operational,No,No,No,No,,Yes,Yes,No,-0.53279,34.49332,1/15/1981
7474,Nyamasi Dispensary,Dispensary,Ministry of Health,Homa Bay,Homa Bay,Asego,West-Kanyada,South Kanyabala,RANGWE,Rodi Kopany,13902,Nyamasi Dispensary,None,Level 2,Dispensaries and clinic-out patient only,Ministry of Health,Ministry of Health,0,0,HOMA BAY WEST,Operational,No,No,No,No,,Yes,Yes,No,-0.62408,34.4521,1/16/1981
7478,Nyambare Dispensary,Dispensary,Ministry of Health,Homa Bay,Homa Bay,Rangwe,Gem East,Kotieno,RANGWE,Rangwe Market,19867,Nyambare Dispensary,None,Level 2,Dispensaries and clinic-out patient only,Ministry of Health,Ministry of Health,2,1,EAST GEM,Operational,No,No,No,No,,Yes,Yes,No,-0.56,34.6,1/17/1981
7497,Nyamrisra Health Centre,Health Centre,Ministry of Health,Homa Bay,Suba,Central,Kakisingri West,Nyamrisra,GWASI,Sindo,13915,Nyamrisra Health Centre,None,Level 3,Basic primary health care facility,Ministry of Health,Ministry of Health,1,0,KAKSINGIRI WEST,Operational,No,No,No,No,,Yes,Yes,No,-0.57025,34.09686,1/18/1981
7503,Nyandiwa Baptist Dispensary,Dispensary,Christian Health Association of Kenya,Homa Bay,Rachuonyo South,Kabondo,Kawuor,Miriu,KASIPUL/KABONDO,Kadongo Market,16877,Nyandiwa Baptist Dispensary,None,Level 2,Dispensaries and clinic-out patient only,Christian Health Association of Kenya,Kenya MPDB - Institution,9,0,KABONDO EAST,Operational,No,No,No,No,,Yes,Yes,No,-0.4177,34.91885,1/19/1981
7504,Nyandiwa Dispensary,Dispensary,Ministry of Health,Homa Bay,Suba,Gwassi,Gwassi West,Nyandiwa,GWASI,Nyandiwa,13920,Nyandiwa Dispensary,None,Level 2,Dispensaries and clinic-out patient only,Ministry of Health,Other,0,0,GWASSI NORTH,Operational,No,No,No,No,,Yes,Yes,No,-0.72455,34.05126,1/20/1981
7510,Nyangajo Dispensary,Dispensary,Ministry of Health,Homa Bay,Rachuonyo North,East Karachuonyo,North Karachuonyo,Kanyadhiang,KARACHUONYO,Kendu,20172,Nyangajo Dispensary,None,Level 2,Dispensaries and clinic-out patient only,Ministry of Health,Ministry of Health,2,2,CENTRAL,Operational,No,No,No,No,,Yes,Yes,No,-0.40441,34.64601,1/21/1981
7514,Nyangiela Dispensary,Health Centre,Ministry of Health,Homa Bay,Rachuonyo South,Kasipul,Konuonga,Konuonga,KASIPUL/KABONDO,Nyangiela Market,13926,Nyangiela Dispensary,None,Level 3,Basic primary health care facility,Ministry of Health,Ministry of Health,0,0,WEST KASIPUL,Operational,No,No,No,No,,Yes,Yes,No,-0.53946,34.70716,1/22/1981
7534,Nyaoga Community Dispensary,Dispensary,Non-Governmental Organizations,Homa Bay,Rachuonyo North,West Karachuonyo,Kokoth,Koredo,KARACHUONYO,Aros Market,16876,Nyaoga Community Dispensary,None,Level 2,Dispensaries and clinic-out patient only,Non-Governmental Organizations,Kenya MPDB - Institution,2,0,WEST KARACHUONYO,Operational,No,No,No,No,,Yes,Yes,No,-0.34955,34.52025,1/23/1981
7543,Nyarut Health Centre,Health Centre,Ministry of Health,Homa Bay,Homa Bay,Rangwe,Kochia Central,Kowili,RANGWE,Nyangweso Market,19860,Nyarut Health Centre,None,Level 3,Basic primary health care facility,Ministry of Health,Ministry of Health,12,4,KOCHIA,Operational,Yes,No,Yes,No,,Yes,Yes,No,-0.47,34.5,1/24/1981
7551,Nyatoto Health Centre,Health Centre,Ministry of Health,Homa Bay,Suba,Central,Ruma,Nyatoto,GWASI,Nyatoto,13946,Nyatoto Health Centre,None,Level 3,Basic primary health care facility,Ministry of Health,Ministry of Health,6,0,RUMA-KAKSINGIRI EAST,Operational,Yes,No,Yes,No,,Yes,Yes,No,-0.55661,34.27185,1/25/1981
7553,Nyawango Dispensary,Dispensary,Ministry of Health,Homa Bay,Rachuonyo South,Kasipul,Kokwanyo,Kokwanyo,KASIPUL/KABONDO,Lida Market,18051,Nyawango Dispensary,None,Level 2,Dispensaries and clinic-out patient only,Ministry of Health,Ministry of Health,0,0,KOKWANYO/KAKELO,Operational,No,No,No,No,,Yes,Yes,No,-0.41461,34.75861,1/26/1981
7555,Nyawawa Dispensary,Dispensary,Ministry of Health,Homa Bay,Homa Bay,Rangwe,Gem West,Genga,RANGWE,Rangwe Market,19863,Nyawawa Dispensary,None,Level 2,Dispensaries and clinic-out patient only,Ministry of Health,Ministry of Health,2,1,WEST GEM,Operational,No,No,No,No,,Yes,Yes,No,-0.65,34.6,1/27/1981
7557,Nyawita Dispensary,Dispensary,Ministry of Health,Homa Bay,Homa Bay,Rangwe,Gongo,Gongo,RANGWE,Rangwe Market,19864,Nyawita Dispensary,None,Level 2,Dispensaries and clinic-out patient only,Ministry of Health,Ministry of Health,2,1,EAST GEM,Operational,No,No,No,No,,Yes,Yes,No,-0.57,34.6,1/28/1981
7589,Nys Dispensary (Suba),Dispensary,Other Public Institution,Homa Bay,Suba,Central,Ruma,Nyadenda,GWASI,Nyadenda,7589,Nys Dispensary (Suba),None,Level 3,Basic primary health care facility,Ministry of Health,Ministry of Health,14,4,NOT PROVIDED,Operational,No,No,No,No,,Yes,Yes,No,-0.60789,34.25982,1/29/1981
7629,Obalwanda Dispensary,Dispensary,Ministry of Health,Homa Bay,Mbita,Mbita,Gembe Central,Kamreri West,MBITA,Luanda,13950,Obalwanda Dispensary,None,Level 2,Dispensaries and clinic-out patient only,Ministry of Health,Ministry of Health,0,0,GEMBE,Operational,No,No,No,No,,Yes,Yes,No,-0.49418,34.2833,1/30/1981
7630,Obanga Health Centre,Health Centre,Ministry of Health,Homa Bay,Suba,Gwassi,Gwassi West,Tonga,GWASI,magunga,7630,Obanga Health Centre,None,Level 3,Basic primary health care facility,Ministry of Health,Ministry of Health,15,4,NOT PROVIDED,Operational,No,No,No,No,,Yes,Yes,No,-0.68652,34.07781,1/31/1981
7632,Ober Health Centre,Health Centre,Ministry of Health,Homa Bay,Rachuonyo South,Kabondo,Kakelo,Kakelo Dudi,KASIPUL/KABONDO,Mikae Market,13953,Ober Health Centre,None,Level 3,Basic primary health care facility,Ministry of Health,Ministry of Health,5,0,KOKWANYO/KAKELO,Operational,Yes,No,Yes,No,,Yes,Yes,No,-0.48676,34.81052,2/1/1981
7633,Ober Kabuoch Dispensary,Dispensary,Ministry of Health,Homa Bay,Ndhiwa,Riana,South Kabuoch,Kobita,NDHIWA,Magina,13952,Ober Kabuoch Dispensary,None,Level 2,Dispensaries and clinic-out patient only,Ministry of Health,Ministry of Health,0,0,KABOUCH NORTH,Operational,No,No,No,No,,Yes,Yes,No,-0.76661,34.43956,2/2/1981
7638,Obunga Dispensary,Dispensary,Ministry of Health,Homa Bay,Homa Bay,Rangwe,Kagan East,Kanyaruanda(2),RANGWE,Rangwe,13957,Obunga Dispensary,None,Level 2,Dispensaries and clinic-out patient only,Ministry of Health,Ministry of Health,0,0,KAGAN,Operational,No,No,No,No,,Yes,Yes,No,-0.55712,34.62644,2/3/1981
7639,Obuya Dispensary,Dispensary,Ministry of Health,Homa Bay,Homa Bay,Rangwe,West Kagan,Kokoko,RANGWE,Ndiru Market,19866,Obuya Dispensary,None,Level 2,Dispensaries and clinic-out patient only,Ministry of Health,Ministry of Health,2,1,KAGAN,Operational,No,No,No,No,,Yes,Yes,No,-0.53,34.6,2/4/1981
7640,Obwanda Dispensary,Dispensary,Ministry of Health,Homa Bay,Homa Bay,Rangwe,Kagan East,Komenya(1),RANGWE,Ndiru,13958,Obwanda Dispensary,None,Level 2,Dispensaries and clinic-out patient only,Ministry of Health,Ministry of Health,1,0,KAGAN,Operational,No,No,No,No,,Yes,Yes,No,-0.47666,34.59013,2/5/1981
7654,Ogande Dispensary,Dispensary,Christian Health Association of Kenya,Homa Bay,Homa Bay,Asego,East Kanyada,Kothidha,RANGWE,Rodi Kopany,13962,Ogande Dispensary,None,Level 2,Dispensaries and clinic-out patient only,Christian Health Association of Kenya,Kenya MPDB - Institution,5,0,HOMA BAY EAST,Operational,No,No,No,No,,Yes,Yes,No,-0.58832,34.50667,2/6/1981
7655,Ogando Dispensary,Dispensary,Ministry of Health,Homa Bay,Mbita,Lambwe,Lambwe West,Ogongo,MBITA,Ogongo,7655,Ogando Dispensary,None,Level 3,Basic primary health care facility,Ministry of Health,Ministry of Health,5,,NOT PROVIDED,Operational,No,No,No,No,,Yes,Yes,No,-0.5997,34.33293,2/7/1981
7664,Ogongo Sub-District Hospital,Sub-District Hospital,Ministry of Health,Homa Bay,Mbita,Lambwe,Lambwe East,Ruri East,MBITA,Ogongo,13967,Ogongo Sub-District Hospital,None,Level 4,Basic primary health care facility,Ministry of Health,Ministry of Health,7,0,LAMBWE,Operational,Yes,No,Yes,No,,Yes,Yes,No,-0.57345,34.37187,2/8/1981
7673,Ojwando Dispensary,Dispensary,Ministry of Health,Homa Bay,Rachuonyo South,Kasipul,East Kamagak,NOT PROVIDED,KASIPUL/KABONDO,Near Ouru Market,7673,Ojwando Dispensary,None,Level 3,Basic primary health care facility,Ministry of Health,Ministry of Health,7,,NOT PROVIDED,Operational,Yes,No,Yes,No,,Yes,Yes,No,-0.425,34.66247,2/9/1981
7675,Okiki Amayo Health Centre,Health Centre,Ministry of Health,Homa Bay,Rachuonyo North,West Karachuonyo,Kakdhimu West,Kayoo East,KARACHUONYO,Kodula Market,13972,Okiki Amayo Health Centre,None,Level 2,Basic primary health care facility,Ministry of Health,Ministry of Health,0,0,WEST KARACHUONYO,Operational,No,No,No,No,,Yes,Yes,No,-0.41198,34.51135,2/10/1981
7677,Okitta Maternity Nursing Home,Nursing Home,Private Enterprise (Institution),Homa Bay,Rachuonyo South,Kabondo,Kasewe/Kawuor,Kasewe B,KASIPUL/KABONDO,Kadongo Market,13973,Okitta Maternity Nursing Home,None,Level 3,Basic primary health care facility,Private Enterprise (Institution),Kenya MPDB - Institution,26,0,KABONDO WEST,Operational,No,No,No,No,,Yes,Yes,No,-0.4482,34.89139,2/11/1981
7678,Okok Dispensary,Dispensary,Ministry of Health,Homa Bay,Ndhiwa,Ndhiwa,S. Kanyamwa,Kajwang,NDHIWA,Kobodo,16259,Okok Dispensary,None,Level 2,Dispensaries and clinic-out patient only,Ministry of Health,Ministry of Health,0,0,KANYAMWA KOLOGI,Operational,No,No,No,No,,Yes,Yes,No,-0.6829,34.42877,2/12/1981
7682,Olando Dispensary,Dispensary,Ministry of Health,Homa Bay,Rachuonyo North,East Karachuonyo,East Kanyaluo,East Kowuor,KARACHUONYO,Olando Market,13974,Olando Dispensary,None,Level 2,Dispensaries and clinic-out patient only,Ministry of Health,Ministry of Health,0,0,KANYALUO,Operational,No,No,No,No,,Yes,Yes,No,-0.43246,34.65263,2/13/1981
7778,Ombek Dispensary,Dispensary,Ministry of Health,Homa Bay,Rachuonyo South,Kasipul,Kodera,Kodera Karabach,KASIPUL/KABONDO,Ombek Market,13978,Ombek Dispensary,None,Level 2,Dispensaries and clinic-out patient only,Ministry of Health,Ministry of Health,0,0,WEST KASIPUL,Operational,No,No,No,No,,Yes,Yes,No,-0.56837,34.6642,2/14/1981
7780,Ombo Kachieng' Dispensary,Dispensary,Ministry of Health,Homa Bay,Ndhiwa,Riana,West Kabuoch,East Kachieng,NDHIWA,Pala,13979,Ombo Kachieng' Dispensary,None,Level 2,Dispensaries and clinic-out patient only,Ministry of Health,Ministry of Health,0,0,KABOUCH NORTH,Operational,No,No,No,No,,Yes,Yes,No,-0.73314,34.45512,2/15/1981
7782,Omboga Dispensary,Dispensary,Ministry of Health,Homa Bay,Rachuonyo North,East Karachuonyo,South Kanyaluo,Central Kamenya,KARACHUONYO,Omboga Market,13980,Omboga Dispensary,None,Level 2,Dispensaries and clinic-out patient only,Ministry of Health,Ministry of Health,0,0,KANYALUO,Operational,No,No,No,No,,Yes,Yes,No,-0.43925,34.62273,2/16/1981
7783,Omiro Dispensary,Dispensary,Ministry of Health,Homa Bay,Rachuonyo South,Kasipul,Kakelo,Kamroth,KASIPUL/KABONDO,Riat Market,13981,Omiro Dispensary,None,Level 2,Dispensaries and clinic-out patient only,Ministry of Health,Ministry of Health,0,0,KOKWANYO/KAKELO,Operational,No,No,No,No,,Yes,Yes,No,-0.45299,34.80357,2/17/1981
7793,Oneno Dispensary,Dispensary,Ministry of Health,Homa Bay,Homa Bay,Rangwe,East Kochia,Korayo,RANGWE,Omoya,16985,Oneno Dispensary,None,Level 2,Dispensaries and clinic-out patient only,Ministry of Health,Ministry of Health,0,0,KOCHIA,Operational,No,No,No,No,,Yes,Yes,No,-0.55689,34.54841,2/18/1981
7794,Ong'amo Dispensary,Dispensary,Ministry of Health,Homa Bay,Rachuonyo South,Kasipul,North Kodera,Kodera Kamiyawa,KASIPUL/KABONDO,Near Ong'amo Market,18892,Ong'amo Dispensary,None,Level 2,Dispensaries and clinic-out patient only,Ministry of Health,Ministry of Health,0,0,WEST KASIPUL,Operational,No,No,No,No,,Yes,Yes,No,-0.49503,34.66247,2/19/1981
7816,Orego Health Centre,Health Centre,Ministry of Health,Homa Bay,Homa Bay,Asego,Komollo,Komollo,RANGWE,Homa bay,21163,Orego Health Centre,None,Level 3,Basic primary health care facility,Ministry of Health,Ministry of Health,5,1,HOMA BAY EAST,Operational,No,No,No,No,,Yes,Yes,No,-0.6221,34.544,2/20/1981
7819,Oriang (SDA) Health Centre,Health Centre,Christian Health Association of Kenya,Homa Bay,Rachuonyo North,West Karachuonyo,East Karachuonyo,Oriang Kogweno East,KARACHUONYO,Oriang Market,16284,Oriang (SDA) Health Centre,None,Level 3,Basic primary health care facility,Christian Health Association of Kenya,Kenya MPDB - Institution,10,0,CENTRAL,Operational,No,No,No,No,,Yes,Yes,No,-0.39968,34.62755,2/21/1981
7822,Oriang VCT,VCT Centre (Stand-Alone),Non-Governmental Organizations,Homa Bay,Rachuonyo South,Kabondo,Kowuor,Kodhoch East,KASIPUL/KABONDO,Misambi Market,17587,Oriang VCT,None,Level 2,VCT,Non-Governmental Organizations,Other,0,0,KABONDO EAST,Operational,No,No,No,No,,Yes,Yes,No,-0.44391,34.91984,2/22/1981
7823,Oridi Dispensary,Dispensary,Ministry of Health,Homa Bay,Ndhiwa,Nyarongi,North Kanyikela,North Kanyikela,NDHIWA,Rapedhi,7823,Oridi Dispensary,None,Level 3,Basic primary health care facility,Non-Governmental Organizations,Ministry of Health,9,,NOT PROVIDED,Operational,No,No,No,No,,Yes,Yes,No,-0.77833,34.37896,2/23/1981
7839,Osani Community Dispensary,Dispensary,Private Practice - Unspecified,Homa Bay,Ndhiwa,Kobama,NOT PROVIDED,NOT PROVIDED,NDHIWA,NOT PROVIDED,17726,Osani Community Dispensary,None,Level 2,Dispensaries and clinic-out patient only,Ministry of Health,Ministry of Health,4,2,KWABWAI,Operational,No,No,No,No,,Yes,Yes,No,-0.8375,34.3018,2/24/1981
7840,Osano Nursing Home,Nursing Home,Private Enterprise (Institution),Homa Bay,Ndhiwa,Ndhiwa,West Kanyamwa,Kayambo,NDHIWA,Ndhiwa,13995,Osano Nursing Home,None,Level 3,Basic primary health care facility,Private Enterprise (Institution),Kenya MPDB - Institution,25,0,KANYAMWA KOSEWE,Operational,No,No,No,No,,Yes,Yes,No,-0.7305,34.37074,2/25/1981
7852,Otange Dispensary,Dispensary,Ministry of Health,Homa Bay,Ndhiwa,Nyarongi,South Kanyikela,South Kanyikela,NDHIWA,"Riat market, sukari sugar industry",18877,Otange Dispensary,None,Level 2,Dispensaries and clinic-out patient only,Ministry of Health,Ministry of Health,6,6,KANYIKELA,Operational,No,No,No,No,,Yes,Yes,No,-0.81805,34.37872,2/26/1981
7861,Othoro Health Centre (Rachuonyo),Health Centre,Ministry of Health,Homa Bay,Rachuonyo South,Kabondo,Kawuor,Kodhoch East,KASIPUL/KABONDO,Othoro Market,14002,Othoro Health Centre (Rachuonyo),None,Level 3,Basic primary health care facility,Ministry of Health,Ministry of Health,12,0,KABONDO EAST,Operational,Yes,No,Yes,No,,Yes,Yes,No,-0.43524,34.95534,2/27/1981
7875,Oyuma Dispensary (Rachuonyo),Dispensary,Ministry of Health,Homa Bay,Rachuonyo North,East Karachuonyo,Central Karachuonyo,Kogweno Kawuor,KARACHUONYO,Oyuma,17852,Oyuma Dispensary (Rachuonyo),None,Level 2,Dispensaries and clinic-out patient only,Ministry of Health,Ministry of Health,0,0,CENTRAL,Operational,No,No,No,No,,Yes,Yes,No,-0.36542,34.61512,2/28/1981
7889,Pala Health Centre,Health Centre,Ministry of Health,Homa Bay,Ndhiwa,Pala,South Kabuoch,Koguta,NDHIWA,Pala,14011,Pala Health Centre,None,Level 3,Basic primary health care facility,Ministry of Health,Ministry of Health,7,0,KABUOCH SOUTH/PALA,Operational,No,No,No,No,,Yes,Yes,No,-0.80482,34.4448,3/1/1981
7890,Pala Masogo Health Centre,Health Centre,Ministry of Health,Homa Bay,Homa Bay,Asego,East Kanyada,Kanyach Kachar,RANGWE,Rodi Makket,19859,Pala Masogo Health Centre,None,Level 3,Basic primary health care facility,Ministry of Health,Ministry of Health,6,2,HOMA BAY CENTRAL,Operational,Yes,No,Yes,No,,Yes,Yes,No,-0.64,34.5,3/2/1981
8021,Ponge Dispensary,Dispensary,Ministry of Health,Homa Bay,Ndhiwa,Riana,South Kabuoch,Kamenya,NDHIWA,Pala,14015,Ponge Dispensary,None,Level 2,Dispensaries and clinic-out patient only,Ministry of Health,Ministry of Health,0,0,KABUOCH SOUTH/PALA,Operational,No,No,No,No,,Yes,Yes,No,-0.84191,34.45558,3/3/1981
8022,Ponge Dispensary (Mbita),Dispensary,Ministry of Health,Homa Bay,Mbita,Mbita,Gembe Central,Kamreri,MBITA,Luanda,14016,Ponge Dispensary (Mbita),None,Level 2,Dispensaries and clinic-out patient only,Ministry of Health,Ministry of Health,1,0,GEMBE,Operational,No,No,No,No,,Yes,Yes,No,-0.52066,34.26754,3/4/1981
8029,Port Florence (Ndhiwa),Medical Clinic,Private Enterprise (Institution),Homa Bay,Ndhiwa,Ndhiwa,Lower Kayambo,Lower Kayambo,NDHIWA,Rimu,20243,Port Florence (Ndhiwa),None,Level 2,Dispensaries and clinic-out patient only,Private Enterprise (Institution),Kenya MPDB - Private Practice,0,0,KANYAMWA KOSEWE,Operational,No,No,No,No,,Yes,Yes,No,-0.73482,34.37116,3/5/1981
8031,Port Florence Community Hospital Homa Bay Clinic,Medical Clinic,Non-Governmental Organizations,Homa Bay,Homa Bay,Asego,Town,Township,RANGWE,Homabay Town,19875,Port Florence Community Hospital Homa Bay Clinic,None,Level 2,Dispensaries and clinic-out patient only,Non-Governmental Organizations,Ministry of Health,7,2,HOMA BAY EAST,Operational,No,No,Yes,No,,Yes,Yes,No,-0.54,34.5,3/6/1981
8032,Port Florence Community Hospital Mbita,Medical Clinic,Non-Governmental Organizations,Homa Bay,Mbita,Mbita,Mbita,Township,MBITA,Mbita,20225,Port Florence Community Hospital Mbita,None,Level 2,Dispensaries and clinic-out patient only,Non-Governmental Organizations,Ministry of Health,0,0,KASGUNGA,Operational,No,No,No,No,,Yes,Yes,No,-0.42385,34.2073,3/7/1981
8125,Rachuonyo District Hospital,District Hospital,Ministry of Health,Homa Bay,Rachuonyo South,Kasipul,Kowidi,Kamuma,KASIPUL/KABONDO,Oyugis Town,14022,Rachuonyo District Hospital,None,Level 4,Secondary care hospitals,Ministry of Health,Ministry of Health,67,1,SOUTH KASIPUL,Operational,Yes,No,Yes,No,,Yes,Yes,No,-0.50596,34.7329,3/8/1981
8142,Ragwe Dispensary,Dispensary,Ministry of Health,Homa Bay,Rachuonyo South,Kasipul,Kodera North,Kamiyawa,KASIPUL/KABONDO,Near Nyakiya Primary School,18530,Ragwe Dispensary,None,Level 2,Dispensaries and clinic-out patient only,Ministry of Health,Ministry of Health,0,0,WEST KASIPUL,Operational,No,No,No,No,,Yes,Yes,No,-0.52177,34.66174,3/9/1981
8165,Randung' Dispensary,Dispensary,Ministry of Health,Homa Bay,Homa Bay,Rangwe,West Gem,Kamagawi,RANGWE,Rangwe,14031,Randung' Dispensary,None,Level 2,Dispensaries and clinic-out patient only,Ministry of Health,Ministry of Health,0,0,WEST GEM,Operational,No,No,No,No,,Yes,Yes,No,-0.63551,34.56268,3/10/1981
8170,Rangwe (SDA) Dispensary,Dispensary,Christian Health Association of Kenya,Homa Bay,Homa Bay,Rangwe,West Gem,Kamagawi,RANGWE,Rangwe,14035,Rangwe (SDA) Dispensary,None,Level 2,Dispensaries and clinic-out patient only,Christian Health Association of Kenya,Kenya MPDB - Institution,0,0,WEST GEM,Operational,No,No,No,No,,Yes,Yes,No,-0.59816,34.5836,3/11/1981
8171,Rangwe Sub-District Hospital,District Hospital,Ministry of Health,Homa Bay,Homa Bay,Rangwe,West Gem,Kamagawi,RANGWE,Rangwe,14036,Rangwe Sub-District Hospital,None,Level 4,Secondary care hospitals,Ministry of Health,Ministry of Health,8,0,WEST GEM,Operational,Yes,No,Yes,No,,Yes,Yes,No,-0.60106,34.58135,3/12/1981
8185,Rariw Dispensary,Dispensary,Ministry of Health,Homa Bay,Homa Bay,Rangwe,Central Gem,Kajulu,RANGWE,Asumbi,14038,Rariw Dispensary,None,Level 2,Dispensaries and clinic-out patient only,Ministry of Health,Ministry of Health,3,0,EAST GEM,Operational,No,No,No,No,,Yes,Yes,No,-0.58085,34.61745,3/13/1981
8186,Raruowa Health Centre,Health Centre,Kenya Episcopal Conference-Catholic Secretariat,Homa Bay,Rachuonyo North,West Karachuonyo,Koyugi,NOT PROVIDED,KARACHUONYO,Kandiege Market,14039,Raruowa Health Centre,None,Level 3,Basic primary health care facility,Kenya Episcopal Conference-Catholic Secretariat,Kenya MPDB - Institution,28,0,KIBIRI,Operational,No,No,No,No,,Yes,Yes,No,-0.41175,34.55658,3/14/1981
8226,Remba Dispensary,Dispensary,Ministry of Health,Homa Bay,Mbita,Mfangano,Mfangano North,Soklo North,MBITA,Sena,8226,Remba Dispensary,None,Level 2,Basic primary health care facility,Non-Governmental Organizations,Ministry of Health,4,4,NOT PROVIDED,Operational,No,No,No,No,,Yes,Yes,,-0.56106,33.9279,3/15/1981
8271,Ringa Dispensary,Dispensary,Kenya Episcopal Conference-Catholic Secretariat,Homa Bay,Rachuonyo South,Kabondo,Kojwach,Kamioro,KASIPUL/KABONDO,Ringa Market,20364,Ringa Dispensary,None,Level 2,Basic primary health care facility,Kenya Episcopal Conference-Catholic Secretariat,Other,6,0,KOJWACH,Operational,No,No,No,No,,Yes,Yes,No,-0.47464,34.8515,3/16/1981
8272,Ringiti Dispensary,Dispensary,Ministry of Health,Homa Bay,Mbita,Mfangano,Mfangano West,Wakula North,MBITA,Sena,8272,Ringiti Dispensary,None,Level 2,Basic primary health care facility,Non-Governmental Organizations,Ministry of Health,,4,NOT PROVIDED,Operational,No,No,No,No,,Yes,Yes,,-0.56106,33.9279,3/17/1981
8285,Roadblock Clinic,Medical Clinic,Private Enterprise (Institution),Homa Bay,Ndhiwa,Ndhiwa,West Kanyamwa,Kayambo,NDHIWA,Ndhiwa,14056,Roadblock Clinic,None,Level 2,Dispensaries and clinic-out patient only,Private Enterprise (Institution),Kenya MPDB - Institution,0,0,KANYAMWA KOSEWE,Operational,No,No,No,No,,Yes,Yes,No,-0.72947,34.36915,3/18/1981
8391,Rusinga Island of Hope Humanist Health Centre,Health Centre,Private Enterprise (Institution),Homa Bay,Mbita,Mbita,Rusinga West,Kamasengre West,MBITA,Kamasengre,17594,Rusinga Island of Hope Humanist Health Centre,None,Level 3,Basic primary health care facility,Private Enterprise (Institution),Ministry of Health,10,0,RUSINGA ISLAND,Operational,No,No,Yes,No,,Yes,Yes,No,-0.42356,34.14039,3/19/1981
8511,Saokon Clinic,Medical Clinic,Private Practice - Nurse / Midwife,Homa Bay,Rachuonyo South,Kabondo,Atela,East Kodumo,KASIPUL/KABONDO,Chabera Market,8511,Saokon Clinic,None,Level 3,Basic primary health care facility,Non-Governmental Organizations,Ministry of Health,9,4,NOT PROVIDED,Operational,No,No,Yes,No,,Yes,Yes,,-0.42,35.00588,3/20/1981
8563,Seka Health Centre,Health Centre,Ministry of Health,Homa Bay,Suba,Gwassi,Gwassi South,Lwala,GWASI,Magunga Town,14074,Seka Health Centre,None,Level 3,Basic primary health care facility,Ministry of Health,Ministry of Health,1,0,GWASSI SOUTH,Operational,No,No,No,No,,Yes,Yes,No,-0.73846,34.13543,3/21/1981
8569,Sena Health Centre,Health Centre,Ministry of Health,Homa Bay,Mbita,Mfangano,Mfangano East,Wakinga,MBITA,Sena,14075,Sena Health Centre,None,Level 3,Basic primary health care facility,Ministry of Health,Ministry of Health,6,1,MFANGANO ISLAND,Operational,Yes,No,Yes,No,,Yes,Yes,No,-0.46828,34.06427,3/22/1981
8675,Shirikisho Dispensary,Dispensary,Other Faith Based,Homa Bay,Rachuonyo South,Kasipul,Kowidi,Kokal,KASIPUL/KABONDO,Oyugis Town,14078,Shirikisho Dispensary,None,Level 2,Dispensaries and clinic-out patient only,Other Faith Based,Kenya MPDB - Institution,0,0,SOUTH KASIPUL,Operational,No,No,No,No,,Yes,Yes,No,-0.51185,34.73161,3/23/1981
8744,Simbi Kogembo Dispensary,Dispensary,Ministry of Health,Homa Bay,Rachuonyo North,East Karachuonyo,Central Karachuonyo,Kogembo,KARACHUONYO,Oyuma Market,14089,Simbi Kogembo Dispensary,None,Level 2,Dispensaries and clinic-out patient only,Ministry of Health,Ministry of Health,0,0,CENTRAL,Operational,No,No,No,No,,Yes,Yes,No,-0.36474,34.62989,3/24/1981
8746,Simbiri Nanbell Health Centre,Health Centre,Private Enterprise (Institution),Homa Bay,Rachuonyo South,Kasipul,North Kamagak,NOT PROVIDED,KASIPUL/KABONDO,Kosele Market,14090,Simbiri Nanbell Health Centre,None,Level 3,Basic primary health care facility,Private Enterprise (Institution),Kenya MPDB - Institution,20,0,CENTRAL KASIPUL,Operational,Yes,No,Yes,No,,Yes,Yes,No,-0.42618,34.70728,3/25/1981
8761,Sindo Drop In Centre,VCT Centre (Stand-Alone),Non-Governmental Organizations,Homa Bay,Suba,Central,Central,Kaksingiri,GWASI,Sino Town,20029,Sindo Drop In Centre,None,Level 2,VCT,Non-Governmental Organizations,Ministry of Health,2,1,KAKSINGIRI WEST,Operational,No,No,No,No,,Yes,Yes,No,-0.55,34.13,3/26/1981
8766,Sino Dispensary,Dispensary,Ministry of Health,Homa Bay,Rachuonyo South,Kasipul,East Kamagak,Sino,KASIPUL/KABONDO,Orembe Market,14092,Sino Dispensary,None,Level 2,Dispensaries and clinic-out patient only,Ministry of Health,Ministry of Health,2,0,EAST KAMAGAK,Operational,No,No,No,No,,Yes,Yes,No,-0.44663,34.76677,3/27/1981
8831,Soklo Dispensary,Dispensary,Ministry of Health,Homa Bay,Mbita,Mfangano,Mfangano South,Wakula South,MBITA,Sena,14095,Soklo Dispensary,None,Level 2,Dispensaries and clinic-out patient only,Ministry of Health,Ministry of Health,4,0,MFANGANO ISLAND,Operational,No,No,No,No,,Yes,Yes,No,-0.46828,34.03159,3/28/1981
8993,St Francis of Assis Dispensary,Dispensary,Ministry of Health,Homa Bay,Rachuonyo South,NOT PROVIDED,NOT PROVIDED,NOT PROVIDED,KASIPUL/KABONDO,NOT PROVIDED,21209,St Francis of Assis Dispensary,None,Level 2,Dispensaries and clinic-out patient only,Ministry of Health,Ministry of Health,0,0,SOUTH KASIPUL,Operational,No,No,No,No,,Yes,Yes,No,-0.52931,34.74842,3/29/1981
9029,St John's Karabach Dispensary,Dispensary,Private Enterprise (Institution),Homa Bay,Rachuonyo South,Kasipul,Kodera,Karabach,KASIPUL/KABONDO,Karogo Market,9029,St John's Karabach Dispensary,None,Level 2,Basic primary health care facility,Non-Governmental Organizations,Ministry of Health,18,7,NOT PROVIDED,Operational,No,No,No,No,,Yes,Yes,,-0.58861,34.69433,3/30/1981
9067,St Jude Health Centre (Icipe),Health Centre,Private Enterprise (Institution),Homa Bay,Mbita,Mbita,Gembe West,Mbita Township,MBITA,Mbita,14112,St Jude Health Centre (Icipe),None,Level 3,Basic primary health care facility,Private Enterprise (Institution),Kenya MPDB - Institution,12,2,KASGUNGA,Operational,No,No,No,No,,Yes,Yes,No,-0.4303,34.20602,3/31/1981
9093,St Luke's Health Centre (Mbita),Health Centre,Kenya Episcopal Conference-Catholic Secretariat,Homa Bay,Mbita,Mfangano,Mfangano East,Wakinga,MBITA,Sena,14116,St Luke's Health Centre (Mbita),None,Level 3,Basic primary health care facility,Kenya Episcopal Conference-Catholic Secretariat,Kenya MPDB - Institution,8,0,MFANGANO ISLAND,Operational,No,No,No,No,,Yes,Yes,No,-0.47592,34.06407,4/1/1981
9128,St Mary's Health Centre (Mbita),Health Centre,Kenya Episcopal Conference-Catholic Secretariat,Homa Bay,Mbita,Mbita,Gembe West,Mbita Township,MBITA,Mbita,14119,St Mary's Health Centre (Mbita),None,Level 3,Basic primary health care facility,Kenya Episcopal Conference-Catholic Secretariat,Kenya MPDB - Institution,10,0,KASGUNGA,Operational,No,No,No,No,,Yes,Yes,No,-0.4365,34.20394,4/2/1981
9153,St Mercelline Roo Dispensary (Suba),Dispensary,Other Faith Based,Homa Bay,Suba,Central,Kaksingri West,Rangwa West,GWASI,Sindo,14059,St Mercelline Roo Dispensary (Suba),None,Level 2,Dispensaries and clinic-out patient only,Other Faith Based,Kenya MPDB - Institution,4,0,KAKSINGIRI WEST,Operational,No,No,No,No,,Yes,Yes,No,-0.55831,34.12547,4/3/1981
9187,St Paul's Health Centre,Health Centre,Kenya Episcopal Conference-Catholic Secretariat,Homa Bay,Homa Bay,Asego,Homa-Bay Town,Township,RANGWE,Homa-Bay,14124,St Paul's Health Centre,None,Level 2,Basic primary health care facility,Kenya Episcopal Conference-Catholic Secretariat,Kenya MPDB - Institution,17,0,HOMA BAY CENTRAL,Operational,No,No,No,No,,Yes,Yes,No,-0.52283,34.46236,4/4/1981
9262,St.Lawrence Hospital,District Hospital,Private Practice - General Practitioner,Homa Bay,Homa Bay,Asego,Kalanya Kanyango,Kalanya Kanyango,RANGWE,Homa bay Town,21162,St.Lawrence Hospital,None,Level 4,Secondary care hospitals,Private Practice - General Practitioner,Kenya MPDB - Institution,30,10,HOMA BAY EAST,Operational,No,No,No,No,,Yes,Yes,No,0.6004,34.4847,4/5/1981
9293,Suba District Hospital,District Hospital,Ministry of Health,Homa Bay,Suba,Central,Kakisingri Central,Sindo,GWASI,Sindo,14130,Suba District Hospital,None,Level 4,Secondary care hospitals,Ministry of Health,Ministry of Health,46,3,KAKSINGIRI WEST,Operational,Yes,No,Yes,No,,Yes,Yes,No,-0.59857,34.1675,4/6/1981
9313,Sulwe Clinic,Medical Clinic,Private Enterprise (Institution),Homa Bay,Rachuonyo South,Kasipul,West Kamagak,Kamuma,KASIPUL/KABONDO,Oyugis Town,9313,Sulwe Clinic,None,Level 2,Basic primary health care facility,Non-Governmental Organizations,Ministry of Health,45,7,NOT PROVIDED,Operational,Yes,No,Yes,No,,Yes,Yes,,-0.50635,34.73679,4/7/1981
9333,Sunrise Clinic,Medical Clinic,Private Enterprise (Institution),Homa Bay,Rachuonyo South,Kasipul,Kowidi,Kokal,KASIPUL/KABONDO,Oyugis Town,14137,Sunrise Clinic,None,Level 3,Dispensaries and clinic-out patient only,Private Enterprise (Institution),Kenya MPDB - Institution,0,0,SOUTH KASIPUL,Operational,No,No,No,No,,Yes,Yes,No,-0.51163,34.73432,4/8/1981
9364,Swindon Clinic,Medical Clinic,Private Enterprise (Institution),Homa Bay,Rachuonyo South,Kasipul,East Kamagak,Kachieng,KASIPUL/KABONDO,Sikri Market,14138,Swindon Clinic,None,Level 2,Dispensaries and clinic-out patient only,Private Enterprise (Institution),Kenya MPDB - Institution,0,0,EAST KAMAGAK,Operational,No,No,No,No,,Yes,Yes,No,-0.48705,34.76996,4/9/1981
9399,Takawiri Dispensary,Dispensary,Ministry of Health,Homa Bay,Mbita,Mfangano,Mfangano East,Wakinga,MBITA,Takawiri beach,14140,Takawiri Dispensary,None,Level 2,Dispensaries and clinic-out patient only,Ministry of Health,Ministry of Health,0,0,MFANGANO ISLAND,Operational,No,No,No,No,,Yes,Yes,No,-0.47441,34.08651,4/10/1981
9402,Tala Dispensary,Dispensary,Ministry of Health,Homa Bay,Rachuonyo South,Kasipul,Kokwanyo,East Kokwanyo,KASIPUL/KABONDO,Olima market,17170,Tala Dispensary,None,Level 2,Dispensaries and clinic-out patient only,Ministry of Health,Ministry of Health,3,0,KOKWANYO/KAKELO,Operational,No,No,No,No,,Yes,Yes,No,-0.44364,34.83802,4/11/1981
9606,Tom Mboya Memorial Health Centre,Health Centre,Ministry of Health,Homa Bay,Mbita,Mbita,Rusinga West,Kaswanga,MBITA,Kaswanga,14150,Tom Mboya Memorial Health Centre,None,Level 3,Basic primary health care facility,Ministry of Health,Ministry of Health,7,0,RUSINGA ISLAND,Operational,Yes,No,Yes,No,,Yes,Yes,No,-0.4002,34.16409,4/12/1981
9610,Tonga Health Centre,Health Centre,Kenya Episcopal Conference-Catholic Secretariat,Homa Bay,Suba,Gwassi,Gwassi West,Tonga,GWASI,Magunga,14152,Tonga Health Centre,None,Level 3,Basic primary health care facility,Kenya Episcopal Conference-Catholic Secretariat,Kenya MPDB - Institution,8,0,GWASSI SOUTH,Operational,No,No,No,No,,Yes,Yes,No,-0.69311,34.12379,4/13/1981
9624,Toric's Nursing Home,Nursing Home,Private Practice - Nurse / Midwife,Homa Bay,Rachuonyo South,Kasipul,West Kamagak,Kamuma,KASIPUL/KABONDO,In Oyugis town along Oyugis Kisumu highway,19612,Toric's Nursing Home,None,Level 3,Basic primary health care facility,Private Practice - Nurse / Midwifery,Nursing Council of Kenya (Private Practice),15,0,WEST KAMAGAK,Operational,Yes,No,Yes,No,,Yes,Yes,No,-0.49955,34.73975,4/14/1981
9760,Tuungane Youth Centre (Mbita),VCT Centre (Stand-Alone),Non-Governmental Organizations,Homa Bay,Mbita,Mbita,Township,Mbita Township,MBITA,Mbita,14154,Tuungane Youth Centre (Mbita),None,Level 2,VCT,Non-Governmental Organizations,Other,0,0,KASGUNGA,Operational,No,No,No,No,,Yes,Yes,No,-0.42642,34.20715,4/15/1981
9776,Ugina Health Centre,Health Centre,Ministry of Health,Homa Bay,Mbita,Mfangano,Mfangano South,Wakula South,MBITA,Ugina Beach,14155,Ugina Health Centre,None,Level 3,Basic primary health care facility,Ministry of Health,Ministry of Health,9,0,MFANGANO ISLAND,Operational,Yes,No,Yes,No,,Yes,Yes,No,-0.47813,33.98636,4/16/1981
9810,Unga Dispensary,Dispensary,Ministry of Health,Homa Bay,Ndhiwa,NOT PROVIDED,NOT PROVIDED,NOT PROVIDED,NDHIWA,NOT PROVIDED,20242,Unga Dispensary,None,Level 2,Dispensaries and clinic-out patient only,Ministry of Health,Ministry of Health,0,0,KABOUCH NORTH,Operational,No,No,No,No,,Yes,Yes,No,-0.7598,34.41336,4/17/1981
9851,Upendo VCT Centre,VCT Centre (Stand-Alone),Non-Governmental Organizations,Homa Bay,Homa Bay,Asego,Homa bay Town,Homa Bay Town,RANGWE,Homa Bay,18062,Upendo VCT Centre,None,Level 2,VCT,Non-Governmental Organizations,Other,0,0,HOMA BAY CENTRAL,Operational,No,No,No,No,,Yes,Yes,No,-0.53173,34.45798,4/18/1981
9866,Usao Health Centre,Health Centre,Ministry of Health,Homa Bay,Mbita,Mbita,Gembe East,Usao,MBITA,Homa Bay,14162,Usao Health Centre,None,Level 3,Basic primary health care facility,Ministry of Health,Ministry of Health,2,0,LAMBWE,Operational,No,No,No,No,,Yes,Yes,No,-0.47394,34.38572,4/19/1981
9915,Viagenco Medical Centre,Medical Centre,Non-Governmental Organizations,Homa Bay,Mbita,Mbita,Gembe West,Kasgunga East,MBITA,Luanda Market,14167,Viagenco Medical Centre,None,Level 2,Dispensaries and clinic-out patient only,Non-Governmental Organizations,Other,6,0,GEMBE,Operational,No,No,No,No,,Yes,Yes,No,-0.4747,34.28649,4/20/1981
9983,Wagwe Health Centre,Health Centre,Ministry of Health,Homa Bay,Rachuonyo North,West Karachuonyo,Kobiero,Wagwe South,KARACHUONYO,Pala Market,14168,Wagwe Health Centre,None,Level 3,Basic primary health care facility,Ministry of Health,Ministry of Health,30,0,WEST KARACHUONYO,Operational,No,No,No,No,,Yes,Yes,No,-0.34992,34.57419,4/21/1981
10006,Wakula Health Centre,Health Centre,Ministry of Health,Homa Bay,Mbita,Mfangano,Mfangano North,Soklo North,MBITA,Sena,14169,Wakula Health Centre,None,Level 3,Basic primary health care facility,Ministry of Health,Ministry of Health,3,0,MFANGANO ISLAND,Operational,No,No,No,No,,Yes,Yes,No,-0.45066,33.98847,4/22/1981
22860,Aimo Dispensary,Dispensaries and clinic-out patient only,Ministry of Health,Homa Bay,kasipul,NOT PROVIDED,NOT PROVIDED,NOT PROVIDED,KASIPUL,NOT PROVIDED,22860,Aimo Dispensary,None,Level 2,Dispensaries and clinic-out patient only,Ministry of Health,Ministry of Health,0,0,EAST KAMAGAK,Operational,No,No,No,No,,Yes,Yes,No,-0.4552074,34.7605392,4/23/1981
22747,OTIENDE OUTPATIENT CLINIC,Dispensaries and clinic-out patient only,Private Practice - Clinical Officer,Homa Bay,ndhiwa,NOT PROVIDED,NOT PROVIDED,NOT PROVIDED,NDHIWA,NOT PROVIDED,22747,OTIENDE OUTPATIENT CLINIC,None,Level 2,Dispensaries and clinic-out patient only,Private Practice - Clinical Officer,STILL NOT PROVIDED,0,0,KANYIKELA,Operational,No,No,Yes,No,,Yes,Yes,No,-0.7299137,34.3624924,4/24/1981
22744,KOTIENDE OUPATIENT CLINIC,Basic primary health care facility,Private Practice - Clinical Officer,Homa Bay,ndhiwa,NOT PROVIDED,NOT PROVIDED,NOT PROVIDED,NDHIWA,NOT PROVIDED,22744,KOTIENDE OUPATIENT CLINIC,None,Level 2,Basic primary health care facility,Private Practice - Clinical Officer,STILL NOT PROVIDED,0,0,KANYAMWA KOLOGI,Operational,No,No,No,No,,Yes,Yes,No,-0.7299137,34.3645309,4/25/1981
22695,MAMAS NURSING HOME,Comprehensive primary health care facility,Non-Governmental Organizations,Homa Bay,ndhiwa,NOT PROVIDED,NOT PROVIDED,NOT PROVIDED,NDHIWA,NOT PROVIDED,22695,MAMAS NURSING HOME,None,Level 2,Comprehensive primary health care facility,Non-Governmental Organizations,STILL NOT PROVIDED,10,0,KANYIKELA,Operational,Yes,No,Yes,Yes,,Yes,Yes,No,-0.7299557,34.3668787,4/26/1981
22694,MAISHA CLINIC NDHIWA,Basic primary health care facility,Non-Governmental Organizations,Homa Bay,ndhiwa,NOT PROVIDED,NOT PROVIDED,NOT PROVIDED,NDHIWA,NOT PROVIDED,22694,MAISHA CLINIC NDHIWA,None,Level 2,Basic primary health care facility,Non-Governmental Organizations,STILL NOT PROVIDED,1,0,KANYAMWA KOSEWE,Operational,No,No,No,No,,Yes,Yes,No,-0.7340982,34.359911,4/27/1981
22625,MAISHA HEALTH CARE CLINIC,Basic primary health care facility,Non-Governmental Organizations,Homa Bay,mbita,NOT PROVIDED,NOT PROVIDED,NOT PROVIDED,MBITA,NOT PROVIDED,22625,MAISHA HEALTH CARE CLINIC,None,Level 2,Basic primary health care facility,Non-Governmental Organizations,STILL NOT PROVIDED,3,0,KASGUNGA,Operational,No,No,No,No,,Yes,Yes,No,-0.4348198,34.2059457,4/28/1981
22590,GINGO COMMUNITY,Basic primary health care facility,Private Practice - Clinical Officer,Homa Bay,suba,NOT PROVIDED,NOT PROVIDED,NOT PROVIDED,SUBA,NOT PROVIDED,22590,GINGO COMMUNITY,None,Level 2,Basic primary health care facility,Private Practice - Clinical Officer,STILL NOT PROVIDED,3,0,KAKSINGIRI WEST,Operational,No,No,No,No,,Yes,Yes,No,-0.4805385,34.1721671,4/29/1981
22585,SINDO MEDICAL CENTRE,Basic primary health care facility,Private Practice - Clinical Officer,Homa Bay,suba,NOT PROVIDED,NOT PROVIDED,NOT PROVIDED,SUBA,NOT PROVIDED,22585,SINDO MEDICAL CENTRE,7285,Level 3,Basic primary health care facility,Private Practice - Clinical Officer,Ministry of Health,10,0,KAKSINGIRI WEST,Operational,Yes,No,No,No,,Yes,Yes,No,-0.5350879,34.452104,4/30/1981
22553,Benard Vision Medical Center,Dispensaries and clinic-out patient only,Company Medical Service,Homa Bay,karachuonyo,NOT PROVIDED,NOT PROVIDED,NOT PROVIDED,KARACHUONYO,NOT PROVIDED,22553,Benard Vision Medical Center,None,Level 2,Dispensaries and clinic-out patient only,Company Medical Service,STILL NOT PROVIDED,4,0,KANYALUO,Operational,No,No,No,No,,Yes,Yes,No,-0.3871921,34.5330695,5/1/1981
22533,Alaro community dispensary,Dispensaries and clinic-out patient only,Non-Governmental Organizations,Homa Bay,karachuonyo,NOT PROVIDED,NOT PROVIDED,NOT PROVIDED,KARACHUONYO,NOT PROVIDED,22533,Alaro community dispensary,None,Level 2,Dispensaries and clinic-out patient only,Non-Governmental Organizations,STILL NOT PROVIDED,0,0,WEST KARACHUONYO,Operational,No,No,No,No,,Yes,Yes,No,-0.3871921,34.5330695,5/2/1981
22532,Okita Health Center,Dispensaries and clinic-out patient only,Non-Governmental Organizations,Homa Bay,karachuonyo,NOT PROVIDED,NOT PROVIDED,NOT PROVIDED,KARACHUONYO,NOT PROVIDED,22532,Okita Health Center,None,Level 2,Dispensaries and clinic-out patient only,Non-Governmental Organizations,STILL NOT PROVIDED,0,0,WANG'CHIENG,Operational,No,No,No,No,,Yes,Yes,No,-0.3660239,34.754931,5/3/1981
22531,mawego community medical centre,Dispensaries and clinic-out patient only,Non-Governmental Organizations,Homa Bay,karachuonyo,NOT PROVIDED,NOT PROVIDED,NOT PROVIDED,KARACHUONYO,NOT PROVIDED,22531,mawego community medical centre,None,Level 2,Dispensaries and clinic-out patient only,Non-Governmental Organizations,STILL NOT PROVIDED,0,0,WANG'CHIENG,Operational,No,No,No,No,,Yes,Yes,No,-0.3940536,34.7673655,5/4/1981
22530,Ager community dispensary,Dispensaries and clinic-out patient only,Non-Governmental Organizations,Homa Bay,karachuonyo,NOT PROVIDED,NOT PROVIDED,NOT PROVIDED,KARACHUONYO,NOT PROVIDED,22530,Ager community dispensary,None,Level 2,Dispensaries and clinic-out patient only,Non-Governmental Organizations,STILL NOT PROVIDED,0,0,WANG'CHIENG,Operational,No,No,No,No,,Yes,Yes,No,-0.3871921,34.5330695,5/5/1981
22493,RADHORE DISPENSARY,Dispensaries and clinic-out patient only,Ministry of Health,Homa Bay,ndhiwa,NOT PROVIDED,NOT PROVIDED,NOT PROVIDED,NDHIWA,NOT PROVIDED,22493,RADHORE DISPENSARY,None,Level 2,Dispensaries and clinic-out patient only,Ministry of Health,STILL NOT PROVIDED,1,0,KWABWAI,Operational,No,No,No,No,,Yes,Yes,No,-0.7840308,34.307288,5/6/1981
22492,GAENA,Dispensaries and clinic-out patient only,Non-Governmental Organizations,Homa Bay,ndhiwa,NOT PROVIDED,NOT PROVIDED,NOT PROVIDED,NDHIWA,NOT PROVIDED,22492,GAENA,None,Level 2,Dispensaries and clinic-out patient only,Non-Governmental Organizations,STILL NOT PROVIDED,1,0,KANYAMWA KOSEWE,Operational,No,No,Yes,No,,Yes,Yes,No,-0.7295092,34.363849,5/7/1981
22478,KIPASI COMMUNITY HEALTH CENTRE,Basic primary health care facility,Non-Governmental Organizations,Homa Bay,mbita,NOT PROVIDED,NOT PROVIDED,NOT PROVIDED,MBITA,NOT PROVIDED,22478,KIPASI COMMUNITY HEALTH CENTRE,None,Level 2,Basic primary health care facility,Non-Governmental Organizations,STILL NOT PROVIDED,6,0,LAMBWE,Operational,Yes,Yes,Yes,Yes,,Yes,Yes,No,-0.537482,34.3767302,5/8/1981
22476,LITARE COMMUNITY HEALTH CENTRE,Basic primary health care facility,Non-Governmental Organizations,Homa Bay,mbita,NOT PROVIDED,NOT PROVIDED,NOT PROVIDED,MBITA,NOT PROVIDED,22476,LITARE COMMUNITY HEALTH CENTRE,7192,Level 2,Basic primary health care facility,Non-Governmental Organizations,Kenya MPDB - Institution,6,0,RUSINGA ISLAND,Operational,Yes,Yes,Yes,Yes,,Yes,Yes,No,-0.4367861,34.2034534,5/9/1981
22371,MFANGANO COMMUNITY HEALTH CENTREM,VCT,Non-Governmental Organizations,Homa Bay,mbita,NOT PROVIDED,NOT PROVIDED,NOT PROVIDED,MBITA,NOT PROVIDED,22371,MFANGANO COMMUNITY HEALTH CENTREM,None,Level 2,VCT,Non-Governmental Organizations,STILL NOT PROVIDED,6,0,MFANGANO ISLAND,Operational,Yes,Yes,Yes,Yes,,Yes,Yes,No,-0.4732935,34.0652035,5/10/1981
22327,KIPASI COMMUNITY HEALTH CENTRE (Lambwe),VCT,Ministry of Health,Homa Bay,mbita,NOT PROVIDED,NOT PROVIDED,NOT PROVIDED,MBITA,NOT PROVIDED,22327,KIPASI COMMUNITY HEALTH CENTRE (Lambwe),None,Level 2,VCT,Ministry of Health,STILL NOT PROVIDED,6,0,LAMBWE,Operational,Yes,Yes,Yes,Yes,,Yes,Yes,No,-0.4732935,34.0652035,5/11/1981
22305,Homabay Central Medical Clinic (Homa Bay Central),Dispensaries and clinic-out patient only,Private Practice - Clinical Officer,Homa Bay,homa bay town,NOT PROVIDED,NOT PROVIDED,NOT PROVIDED,HOMA BAY TOWN,NOT PROVIDED,22305,Homabay Central Medical Clinic (Homa Bay Central),6387,Level 2,Dispensaries and clinic-out patient only,Private Practice - Clinical Officer,Kenya MPDB - Private Practice,0,0,HOMA BAY CENTRAL,Operational,No,No,Yes,No,,Yes,Yes,No,-0.5338559,34.4537248,5/12/1981
22302,Oasis Doctors Plaza,Dispensaries and clinic-out patient only,Private Practice - Medical Specialist,Homa Bay,homa bay town,NOT PROVIDED,NOT PROVIDED,NOT PROVIDED,HOMA BAY TOWN,NOT PROVIDED,22302,Oasis Doctors Plaza,None,Level 2,Dispensaries and clinic-out patient only,Private Practice - Medical Specialist,Kenya MPDB - Private Practice,0,0,HOMA BAY CENTRAL,Operational,No,No,No,No,,Yes,Yes,No,-0.5315413,34.4562737,5/13/1981
22222,MAISHA CLINIC,Basic primary health care facility,Private Practice - Nurse / Midwifery,Homa Bay,kasipul,NOT PROVIDED,NOT PROVIDED,NOT PROVIDED,KASIPUL,NOT PROVIDED,22222,MAISHA CLINIC,6465,Level 2,Basic primary health care facility,Private Practice - Nurse / Midwifery,Kenya MPDB - Institution,0,0,SOUTH KASIPUL,Operational,No,No,No,No,,Yes,Yes,No,-0.5141316,34.7331218,5/14/1981
22123,Pala Dispensary,Basic primary health care facility,Ministry of Health,Homa Bay,karachuonyo,NOT PROVIDED,NOT PROVIDED,NOT PROVIDED,KARACHUONYO,NOT PROVIDED,22123,Pala Dispensary,None,Level 2,Basic primary health care facility,Ministry of Health,Ministry of Health,2,0,WEST KARACHUONYO,Operational,Yes,Yes,Yes,Yes,,Yes,Yes,No,-0.397517,34.6554236,5/15/1981
21986,Family Health Optons,Dispensaries and clinic-out patient only,Non-Governmental Organizations,Homa Bay,homa bay town,NOT PROVIDED,NOT PROVIDED,NOT PROVIDED,HOMA BAY TOWN,NOT PROVIDED,21986,Family Health Optons,OP.218/051/93118/87,Level 2,Dispensaries and clinic-out patient only,Non-Governmental Organizations,Ministry of Health,0,0,HOMA BAY CENTRAL,Operational,No,No,No,No,,Yes,Yes,No,-0.5467404,34.4450485,5/16/1981
21850,Amani Mary Ballard Medical Clinic,Dispensaries and clinic-out patient only,Ministry of Health,Homa Bay,kasipul,NOT PROVIDED,NOT PROVIDED,NOT PROVIDED,KASIPUL,NOT PROVIDED,21850,Amani Mary Ballard Medical Clinic,5025,Level 2,Dispensaries and clinic-out patient only,Ministry of Health,Nursing Council of Kenya (Private Practice),0,0,WEST KAMAGAK,Operational,No,No,No,No,,Yes,Yes,No,-0.4853946,34.7586866,5/17/1981
21849,EVANS HEALTHCARE CLINIC (West Kamagak),Dispensaries and clinic-out patient only,Private Practice - Clinical Officer,Homa Bay,kasipul,NOT PROVIDED,NOT PROVIDED,NOT PROVIDED,KASIPUL,NOT PROVIDED,21849,EVANS HEALTHCARE CLINIC (West Kamagak),9695,Level 2,Dispensaries and clinic-out patient only,Private Practice - Clinical Officer,Clinical Officers Council,0,0,WEST KAMAGAK,Operational,No,No,No,No,,Yes,Yes,No,-0.4864062,34.7383919,5/18/1981
21655,MARY BALLARD COMMUNITY CLINIC,Dispensaries and clinic-out patient only,Ministry of Health,Homa Bay,kasipul,NOT PROVIDED,NOT PROVIDED,NOT PROVIDED,KASIPUL,NOT PROVIDED,21655,MARY BALLARD COMMUNITY CLINIC,None,Level 2,Dispensaries and clinic-out patient only,Ministry of Health,STILL NOT PROVIDED,0,0,EAST KAMAGAK,Operational,No,No,No,No,,Yes,Yes,No,-0.4552074,34.7605392,5/19/1981
21648,Bondo Awino,Basic primary health care facility,Other Faith Based,Homa Bay,kasipul,NOT PROVIDED,NOT PROVIDED,NOT PROVIDED,KASIPUL,NOT PROVIDED,21648,Bondo Awino,None,Level 2,Basic primary health care facility,Other Faith Based,Ministry of Health,0,0,CENTRAL KASIPUL,Operational,Yes,Yes,Yes,Yes,,Yes,Yes,No,-0.4506946,34.6950251,5/20/1981
21639,The Samari-Med,Dispensaries and clinic-out patient only,Private Practice - Clinical Officer,Homa Bay,homa bay town,NOT PROVIDED,NOT PROVIDED,NOT PROVIDED,HOMA BAY TOWN,NOT PROVIDED,21639,The Samari-Med,5660,Level 2,Dispensaries and clinic-out patient only,Private Practice - Clinical Officer,Pharmacy & Poisons Board,0,0,HOMA BAY CENTRAL,Operational,No,No,No,No,,Yes,Yes,No,-0.5478801,34.4503409,5/21/1981
21412,Mukuyu Health Centre,Basic primary health care facility,Ministry of Health,Homa Bay,suba,NOT PROVIDED,NOT PROVIDED,NOT PROVIDED,SUBA,NOT PROVIDED,21412,Mukuyu Health Centre,None,Level 3,Basic primary health care facility,Ministry of Health,Ministry of Health,0,0,GWASSI NORTH,Operational,No,No,No,No,,Yes,Yes,No,-0.800435,-0.800435,5/22/1981
21360,Oneno  Nam,Dispensaries and clinic-out patient only,Ministry of Health,Homa Bay,karachuonyo,NOT PROVIDED,NOT PROVIDED,NOT PROVIDED,KARACHUONYO,NOT PROVIDED,21360,Oneno  Nam,None,Level 2,Dispensaries and clinic-out patient only,Ministry of Health,Ministry of Health,0,0,NORTH KARACHUONYO,Operational,No,No,No,No,,Yes,Yes,No,-0.5556173,34.5430392,5/23/1981
21326,Mukende Health Centre,Basic primary health care facility,Ministry of Health,Homa Bay,suba,NOT PROVIDED,NOT PROVIDED,NOT PROVIDED,SUBA,NOT PROVIDED,21326,Mukende Health Centre,None,Level 2,Basic primary health care facility,Ministry of Health,Ministry of Health,3,2,KAKSINGIRI WEST,Operational,No,No,No,No,,Yes,Yes,No,-0.5350018,34.4505309,5/24/1981
21282,Nyamadede Community Dispensary,Dispensaries and clinic-out patient only,Ministry of Health,Homa Bay,suba,NOT PROVIDED,NOT PROVIDED,NOT PROVIDED,SUBA,NOT PROVIDED,21282,Nyamadede Community Dispensary,None,Level 2,Dispensaries and clinic-out patient only,Ministry of Health,Ministry of Health,0,0,GWASSI NORTH,Operational,No,No,No,No,,Yes,Yes,No,-0.6433813,34.1797851,5/25/1981
21252,Opemble Dispensary,Dispensaries and clinic-out patient only,Ministry of Health,Homa Bay,suba,NOT PROVIDED,NOT PROVIDED,NOT PROVIDED,SUBA,NOT PROVIDED,21252,Opemble Dispensary,None,Level 2,Dispensaries and clinic-out patient only,Ministry of Health,Ministry of Health,0,0,GWASSI NORTH,Operational,No,No,No,No,,Yes,Yes,No,-0.757483,34.139493,5/26/1981
21239,Kijebi Dispensary,Dispensaries and clinic-out patient only,Ministry of Health,Homa Bay,suba,NOT PROVIDED,NOT PROVIDED,NOT PROVIDED,SUBA,NOT PROVIDED,21239,Kijebi Dispensary,None,Level 2,Dispensaries and clinic-out patient only,Ministry of Health,Ministry of Health,0,0,GWASSI NORTH,Operational,No,No,No,No,,Yes,Yes,No,-0.6316591,34.0949721,5/27/1981
19909,Wikondiek Dispensary,Dispensaries and clinic-out patient only,Ministry of Health,Homa Bay,karachuonyo,NOT PROVIDED,NOT PROVIDED,NOT PROVIDED,KARACHUONYO,NOT PROVIDED,19909,Wikondiek Dispensary,None,Level 2,Dispensaries and clinic-out patient only,Ministry of Health,Ministry of Health,0,0,KANYALUO,Operational,No,No,No,No,,Yes,Yes,No,-0.3870147,34.4532413,5/28/1981
18420,Nyakweri Dispensary,Dispensaries and clinic-out patient only,Ministry of Health,Homa Bay,mbita,NOT PROVIDED,NOT PROVIDED,NOT PROVIDED,MBITA,NOT PROVIDED,18420,Nyakweri Dispensary,None,Level 2,Dispensaries and clinic-out patient only,Ministry of Health,Ministry of Health,0,0,MFANGANO ISLAND,Operational,No,No,No,No,,Yes,Yes,No,-0.4333279,34.0287199,5/29/1981
17690,Young Generation Centre Dispensary (Med 25),Dispensaries and clinic-out patient only,Private Enterprise (Institution),Homa Bay,mbita,NOT PROVIDED,NOT PROVIDED,NOT PROVIDED,MBITA,NOT PROVIDED,17690,Young Generation Centre Dispensary (Med 25),None,Level 2,Dispensaries and clinic-out patient only,Private Enterprise (Institution),Kenya MPDB - Private Practice,0,0,KASGUNGA,Operational,No,No,No,No,,Yes,Yes,No,-0.4333279,34.0287199,5/30/1981
17584,Yofak VCT,VCT,Non-Governmental Organizations,Homa Bay,kasipul,NOT PROVIDED,NOT PROVIDED,NOT PROVIDED,KASIPUL,NOT PROVIDED,17584,Yofak VCT,None,Level 2,VCT,Non-Governmental Organizations,Other,0,0,SOUTH KASIPUL,Operational,No,No,No,No,,Yes,Yes,No,-0.5140557,34.7293944,5/31/1981
17069,Yala Dispensary,Dispensaries and clinic-out patient only,Ministry of Health,Homa Bay,kasipul,NOT PROVIDED,NOT PROVIDED,NOT PROVIDED,KASIPUL,NOT PROVIDED,17069,Yala Dispensary,None,Level 2,Dispensaries and clinic-out patient only,Ministry of Health,Ministry of Health,0,0,SOUTH KASIPUL,Operational,No,No,No,No,,Yes,Yes,No,-0.4881152,34.6673824,6/1/1981
14174,Wire Dispensary,Dispensaries and clinic-out patient only,Christian Health Association of Kenya,Homa Bay,kasipul,NOT PROVIDED,NOT PROVIDED,NOT PROVIDED,KASIPUL,NOT PROVIDED,14174,Wire Dispensary,None,Level 2,Dispensaries and clinic-out patient only,Christian Health Association of Kenya,Kenya MPDB - Institution,0,0,WEST KAMAGAK,Operational,No,No,No,No,,Yes,Yes,No,-0.4849946,34.7519251,6/2/1981
14172,Wiga Dispensary,Dispensaries and clinic-out patient only,Ministry of Health,Homa Bay,homa bay town,NOT PROVIDED,NOT PROVIDED,NOT PROVIDED,HOMA BAY TOWN,NOT PROVIDED,14172,Wiga Dispensary,None,Level 2,Dispensaries and clinic-out patient only,Ministry of Health,Ministry of Health,0,0,HOMA BAY CENTRAL,Operational,No,No,No,No,,Yes,Yes,No,-0.5663553,34.4733221,6/3/1981
14176,Yokia Dispensary,Dispensaries and clinic-out patient only,Ministry of Health,Homa Bay,mbita,NOT PROVIDED,NOT PROVIDED,NOT PROVIDED,MBITA,NOT PROVIDED,14176,Yokia Dispensary,None,Level 2,Dispensaries and clinic-out patient only,Ministry of Health,Ministry of Health,0,0,MFANGANO ISLAND,Operational,No,No,No,No,,Yes,Yes,No,-0.4340416,34.0383318,6/4/1981
14171,Waware Dispensary,Dispensaries and clinic-out patient only,Ministry of Health,Homa Bay,mbita,NOT PROVIDED,NOT PROVIDED,NOT PROVIDED,MBITA,NOT PROVIDED,14171,Waware Dispensary,None,Level 2,Dispensaries and clinic-out patient only,Ministry of Health,Ministry of Health,1,0,RUSINGA ISLAND,Operational,No,No,No,No,,Yes,Yes,No,-0.4367861,34.2034534,6/5/1981
